<?xml version="1.0" encoding="UTF-8"?>
<!DOCTYPE mapper PUBLIC "-//mybatis.org//DTD Mapper 3.0//EN" "http://mybatis.org/dtd/mybatis-3-mapper.dtd">
<mapper
	namespace="com.soa.bigdataAnalyze.mapper.BiEquipmentRecordMapper">
	<resultMap id="BaseResultMap"
		type="com.soa.bigdataAnalyze.entity.BiEquipmentRecord">
		<id column="ID" jdbcType="VARCHAR" property="id" />
		<result column="EQU_ID" jdbcType="VARCHAR" property="equId" />
		<result column="OPERATION_NUM" jdbcType="DECIMAL"
			property="operationNum" />
		<result column="EXCEPTION_NUM" jdbcType="DECIMAL"
			property="exceptionNum" />
		<result column="TENDING_NUM" jdbcType="DECIMAL"
			property="tendingNum" />
		<result column="MAINTAIN_NUM" jdbcType="DECIMAL"
			property="maintainNum" />
		<result column="VERIFY_NUM" jdbcType="DECIMAL"
			property="verifyNum" />
		<result column="IF_VERIFY" jdbcType="VARCHAR"
			property="ifVerify" />
		<result column="STANDBY_ONE" jdbcType="VARCHAR"
			property="standbyOne" />
		<result column="STANDBY_TWO" jdbcType="VARCHAR"
			property="standbyTwo" />
		<result column="STANDBY_THREE" jdbcType="VARCHAR"
			property="standbyThree" />
	</resultMap>
	<sql id="Example_Where_Clause">
		<where>
			<foreach collection="oredCriteria" item="criteria"
				separator="or">
				<if test="criteria.valid">
					<trim prefix="(" prefixOverrides="and" suffix=")">
						<foreach collection="criteria.criteria" item="criterion">
							<choose>
								<when test="criterion.noValue">
									and ${criterion.condition}
								</when>
								<when test="criterion.singleValue">
									and ${criterion.condition} #{criterion.value}
								</when>
								<when test="criterion.betweenValue">
									and ${criterion.condition} #{criterion.value}
									and
									#{criterion.secondValue}
								</when>
								<when test="criterion.listValue">
									and ${criterion.condition}
									<foreach close=")" collection="criterion.value"
										item="listItem" open="(" separator=",">
										#{listItem}
									</foreach>
								</when>
							</choose>
						</foreach>
					</trim>
				</if>
			</foreach>
		</where>
	</sql>
	<sql id="Update_By_Example_Where_Clause">
		<where>
			<foreach collection="example.oredCriteria" item="criteria"
				separator="or">
				<if test="criteria.valid">
					<trim prefix="(" prefixOverrides="and" suffix=")">
						<foreach collection="criteria.criteria" item="criterion">
							<choose>
								<when test="criterion.noValue">
									and ${criterion.condition}
								</when>
								<when test="criterion.singleValue">
									and ${criterion.condition} #{criterion.value}
								</when>
								<when test="criterion.betweenValue">
									and ${criterion.condition} #{criterion.value}
									and
									#{criterion.secondValue}
								</when>
								<when test="criterion.listValue">
									and ${criterion.condition}
									<foreach close=")" collection="criterion.value"
										item="listItem" open="(" separator=",">
										#{listItem}
									</foreach>
								</when>
							</choose>
						</foreach>
					</trim>
				</if>
			</foreach>
		</where>
	</sql>
	<sql id="Base_Column_List">
		ID, EQU_ID, OPERATION_NUM, EXCEPTION_NUM, TENDING_NUM,
		MAINTAIN_NUM,
		VERIFY_NUM,
		IF_VERIFY, STANDBY_ONE, STANDBY_TWO,
		STANDBY_THREE
	</sql>
	<select id="selectByExample"
		parameterType="com.soa.bigdataAnalyze.entity.BiEquipmentRecordExample"
		resultMap="BaseResultMap">
		select
		<if test="distinct">
			distinct
		</if>
		<include refid="Base_Column_List" />
		from BI_EQUIPMENT_RECORD
		<if test="_parameter != null">
			<include refid="Example_Where_Clause" />
		</if>
		<if test="orderByClause != null">
			order by ${orderByClause}
		</if>
	</select>
	<select id="selectByPrimaryKey" parameterType="java.lang.String"
		resultMap="BaseResultMap">
		select
		<include refid="Base_Column_List" />
		from BI_EQUIPMENT_RECORD
		where ID = #{id,jdbcType=VARCHAR}
	</select>
	<delete id="deleteByPrimaryKey" parameterType="java.lang.String">
		delete from
		BI_EQUIPMENT_RECORD
		where ID = #{id,jdbcType=VARCHAR}
	</delete>
	<delete id="deleteByExample"
		parameterType="com.soa.bigdataAnalyze.entity.BiEquipmentRecordExample">
		delete from BI_EQUIPMENT_RECORD
		<if test="_parameter != null">
			<include refid="Example_Where_Clause" />
		</if>
	</delete>
	<insert id="insert"
		parameterType="com.soa.bigdataAnalyze.entity.BiEquipmentRecord">
		insert into BI_EQUIPMENT_RECORD (ID, EQU_ID,
		OPERATION_NUM,
		EXCEPTION_NUM, TENDING_NUM, MAINTAIN_NUM,
		VERIFY_NUM,
		IF_VERIFY, STANDBY_ONE,
		STANDBY_TWO, STANDBY_THREE)
		values
		(#{id,jdbcType=VARCHAR}, #{equId,jdbcType=VARCHAR},
		#{operationNum,jdbcType=DECIMAL},
		#{exceptionNum,jdbcType=DECIMAL},
		#{tendingNum,jdbcType=DECIMAL}, #{maintainNum,jdbcType=DECIMAL},
		#{verifyNum,jdbcType=DECIMAL}, #{ifVerify,jdbcType=VARCHAR},
		#{standbyOne,jdbcType=VARCHAR},
		#{standbyTwo,jdbcType=VARCHAR},
		#{standbyThree,jdbcType=VARCHAR})
	</insert>
	<insert id="insertSelective"
		parameterType="com.soa.bigdataAnalyze.entity.BiEquipmentRecord">
		insert into BI_EQUIPMENT_RECORD
		<trim prefix="(" suffix=")" suffixOverrides=",">
			<if test="id != null">
				ID,
			</if>
			<if test="equId != null">
				EQU_ID,
			</if>
			<if test="operationNum != null">
				OPERATION_NUM,
			</if>
			<if test="exceptionNum != null">
				EXCEPTION_NUM,
			</if>
			<if test="tendingNum != null">
				TENDING_NUM,
			</if>
			<if test="maintainNum != null">
				MAINTAIN_NUM,
			</if>
			<if test="verifyNum != null">
				VERIFY_NUM,
			</if>
			<if test="ifVerify != null">
				IF_VERIFY,
			</if>
			<if test="standbyOne != null">
				STANDBY_ONE,
			</if>
			<if test="standbyTwo != null">
				STANDBY_TWO,
			</if>
			<if test="standbyThree != null">
				STANDBY_THREE,
			</if>
		</trim>
		<trim prefix="values (" suffix=")" suffixOverrides=",">
			<if test="id != null">
				#{id,jdbcType=VARCHAR},
			</if>
			<if test="equId != null">
				#{equId,jdbcType=VARCHAR},
			</if>
			<if test="operationNum != null">
				#{operationNum,jdbcType=DECIMAL},
			</if>
			<if test="exceptionNum != null">
				#{exceptionNum,jdbcType=DECIMAL},
			</if>
			<if test="tendingNum != null">
				#{tendingNum,jdbcType=DECIMAL},
			</if>
			<if test="maintainNum != null">
				#{maintainNum,jdbcType=DECIMAL},
			</if>
			<if test="verifyNum != null">
				#{verifyNum,jdbcType=DECIMAL},
			</if>
			<if test="ifVerify != null">
				#{ifVerify,jdbcType=VARCHAR},
			</if>
			<if test="standbyOne != null">
				#{standbyOne,jdbcType=VARCHAR},
			</if>
			<if test="standbyTwo != null">
				#{standbyTwo,jdbcType=VARCHAR},
			</if>
			<if test="standbyThree != null">
				#{standbyThree,jdbcType=VARCHAR},
			</if>
		</trim>
	</insert>
	<select id="countByExample"
		parameterType="com.soa.bigdataAnalyze.entity.BiEquipmentRecordExample"
		resultType="java.lang.Long">
		select count(*) from BI_EQUIPMENT_RECORD
		<if test="_parameter != null">
			<include refid="Example_Where_Clause" />
		</if>
	</select>
	<update id="updateByExampleSelective" parameterType="map">
		update BI_EQUIPMENT_RECORD
		<set>
			<if test="record.id != null">
				ID = #{record.id,jdbcType=VARCHAR},
			</if>
			<if test="record.equId != null">
				EQU_ID = #{record.equId,jdbcType=VARCHAR},
			</if>
			<if test="record.operationNum != null">
				OPERATION_NUM = #{record.operationNum,jdbcType=DECIMAL},
			</if>
			<if test="record.exceptionNum != null">
				EXCEPTION_NUM = #{record.exceptionNum,jdbcType=DECIMAL},
			</if>
			<if test="record.tendingNum != null">
				TENDING_NUM = #{record.tendingNum,jdbcType=DECIMAL},
			</if>
			<if test="record.maintainNum != null">
				MAINTAIN_NUM = #{record.maintainNum,jdbcType=DECIMAL},
			</if>
			<if test="record.verifyNum != null">
				VERIFY_NUM = #{record.verifyNum,jdbcType=DECIMAL},
			</if>
			<if test="record.ifVerify != null">
				IF_VERIFY = #{record.ifVerify,jdbcType=VARCHAR},
			</if>
			<if test="record.standbyOne != null">
				STANDBY_ONE = #{record.standbyOne,jdbcType=VARCHAR},
			</if>
			<if test="record.standbyTwo != null">
				STANDBY_TWO = #{record.standbyTwo,jdbcType=VARCHAR},
			</if>
			<if test="record.standbyThree != null">
				STANDBY_THREE = #{record.standbyThree,jdbcType=VARCHAR},
			</if>
		</set>
		<if test="_parameter != null">
			<include refid="Update_By_Example_Where_Clause" />
		</if>
	</update>
	<update id="updateByExample" parameterType="map">
		update BI_EQUIPMENT_RECORD
		set ID = #{record.id,jdbcType=VARCHAR},
		EQU_ID = #{record.equId,jdbcType=VARCHAR},
		OPERATION_NUM =
		#{record.operationNum,jdbcType=DECIMAL},
		EXCEPTION_NUM =
		#{record.exceptionNum,jdbcType=DECIMAL},
		TENDING_NUM =
		#{record.tendingNum,jdbcType=DECIMAL},
		MAINTAIN_NUM =
		#{record.maintainNum,jdbcType=DECIMAL},
		VERIFY_NUM =
		#{record.verifyNum,jdbcType=DECIMAL},
		IF_VERIFY =
		#{record.ifVerify,jdbcType=VARCHAR},
		STANDBY_ONE =
		#{record.standbyOne,jdbcType=VARCHAR},
		STANDBY_TWO =
		#{record.standbyTwo,jdbcType=VARCHAR},
		STANDBY_THREE =
		#{record.standbyThree,jdbcType=VARCHAR}
		<if test="_parameter != null">
			<include refid="Update_By_Example_Where_Clause" />
		</if>
	</update>
	<update id="updateByPrimaryKeySelective"
		parameterType="com.soa.bigdataAnalyze.entity.BiEquipmentRecord">
		update BI_EQUIPMENT_RECORD
		<set>
			<if test="equId != null">
				EQU_ID = #{equId,jdbcType=VARCHAR},
			</if>
			<if test="operationNum != null">
				OPERATION_NUM = #{operationNum,jdbcType=DECIMAL},
			</if>
			<if test="exceptionNum != null">
				EXCEPTION_NUM = #{exceptionNum,jdbcType=DECIMAL},
			</if>
			<if test="tendingNum != null">
				TENDING_NUM = #{tendingNum,jdbcType=DECIMAL},
			</if>
			<if test="maintainNum != null">
				MAINTAIN_NUM = #{maintainNum,jdbcType=DECIMAL},
			</if>
			<if test="verifyNum != null">
				VERIFY_NUM = #{verifyNum,jdbcType=DECIMAL},
			</if>
			<if test="ifVerify != null">
				IF_VERIFY = #{ifVerify,jdbcType=VARCHAR},
			</if>
			<if test="standbyOne != null">
				STANDBY_ONE = #{standbyOne,jdbcType=VARCHAR},
			</if>
			<if test="standbyTwo != null">
				STANDBY_TWO = #{standbyTwo,jdbcType=VARCHAR},
			</if>
			<if test="standbyThree != null">
				STANDBY_THREE = #{standbyThree,jdbcType=VARCHAR},
			</if>
		</set>
		where ID = #{id,jdbcType=VARCHAR}
	</update>
	<update id="updateByPrimaryKey"
		parameterType="com.soa.bigdataAnalyze.entity.BiEquipmentRecord">
		update BI_EQUIPMENT_RECORD
		set EQU_ID =
		#{equId,jdbcType=VARCHAR},
		OPERATION_NUM =
		#{operationNum,jdbcType=DECIMAL},
		EXCEPTION_NUM =
		#{exceptionNum,jdbcType=DECIMAL},
		TENDING_NUM =
		#{tendingNum,jdbcType=DECIMAL},
		MAINTAIN_NUM =
		#{maintainNum,jdbcType=DECIMAL},
		VERIFY_NUM =
		#{verifyNum,jdbcType=DECIMAL},
		IF_VERIFY =
		#{ifVerify,jdbcType=VARCHAR},
		STANDBY_ONE =
		#{standbyOne,jdbcType=VARCHAR},
		STANDBY_TWO =
		#{standbyTwo,jdbcType=VARCHAR},
		STANDBY_THREE =
		#{standbyThree,jdbcType=VARCHAR}
		where ID = #{id,jdbcType=VARCHAR}
	</update>

	<!-- 获取设备记录信息（按逐个设备统计） -->
	<select id="findRecordInfoByDevice"
		parameterType="com.soa.bigdataAnalyze.entity.QueryCondition"
		resultType="java.util.Map">
		WITH
		SUBQUERY
		AS
		(SELECT
		OPERATION_NUM,EXCEPTION_NUM,TENDING_NUM,MAINTAIN_NUM,VERIFY_NUM,EQU_ID
		FROM BI_EQUIPMENT_RECORD WHERE TO_CHAR(RECORD_DAY,'yyyy-mm-dd') &gt;=
		#{beginDate}
		AND TO_CHAR(RECORD_DAY,'yyyy-mm-dd') &lt;= #{endDate}
		AND
		IF_VERIFY = #{ifVerify})
		SELECT
		EQU_SIGN,
		OPERATION_NUM || '' AS
		OPERATION_NUM,
		EXCEPTION_NUM || '' AS EXCEPTION_NUM,
		TENDING_NUM || ''
		AS TENDING_NUM,
		MAINTAIN_NUM || '' AS MAINTAIN_NUM,
		VERIFY_NUM || '' AS
		VERIFY_NUM
		FROM
		(
		SELECT
		SUM(OPERATION_NUM) OPERATION_NUM,
		SUM(EXCEPTION_NUM) EXCEPTION_NUM,
		SUM(TENDING_NUM) TENDING_NUM,
		SUM(MAINTAIN_NUM) MAINTAIN_NUM,
		SUM(VERIFY_NUM) VERIFY_NUM,
		EQU_ID
		FROM
		SUBQUERY
		GROUP BY EQU_ID) T1,
		(
		SELECT
		EQU_NAME || ',' || EQU_RFID AS
		EQU_SIGN,EQU_RFID,EQU_ID
		FROM
		CZ_EQUIPMENT_NEWS
		WHERE
		WEL_ID = #{welId})
		T2
		WHERE
		T1.EQU_ID = T2.EQU_ID
	</select>


	<!-- 获取设备记录信息（按设备大类统计） -->
	<select id="findRecordInfoByClass"
		parameterType="com.soa.bigdataAnalyze.entity.QueryCondition"
		resultType="java.util.Map">
		WITH
		SUBQUERY
		AS
		(SELECT
		OPERATION_NUM,EXCEPTION_NUM,TENDING_NUM,MAINTAIN_NUM,VERIFY_NUM,EQU_ID
		FROM BI_EQUIPMENT_RECORD WHERE TO_CHAR(RECORD_DAY,'yyyy-mm-dd') &gt;=
		#{beginDate}
		AND TO_CHAR(RECORD_DAY,'yyyy-mm-dd') &lt;= #{endDate}
		<if test="ifVerify != null">
				AND IF_VERIFY = #{ifVerify,jdbcType=VARCHAR}
		</if>
		)
		SELECT
		EQU_MEMO_THREE,SUM(OPERATION_NUM) || ''
		AS
		OPERATION_NUM,SUM(EXCEPTION_NUM) || '' AS
		EXCEPTION_NUM,SUM(TENDING_NUM) || '' AS TENDING_NUM,SUM(MAINTAIN_NUM)
		||
		'' AS MAINTAIN_NUM,SUM(VERIFY_NUM) || '' AS TENDING_NUM,
		SUM(VERIFY_NUM) || '' AS VERIFY_NUM,
		ROUND(1-SUM(EXCEPTION_NUM)/COUNT(1),2)*100 || '' AS FAILURERATE
		FROM (
		SELECT
		EQU_MEMO_THREE,OPERATION_NUM,EXCEPTION_NUM,TENDING_NUM,
		MAINTAIN_NUM,VERIFY_NUM
		FROM
		SUBQUERY T1,
		(SELECT
		EQU_MEMO_THREE,EQU_ID
		FROM
		CZ_EQUIPMENT_NEWS
		WHERE
		WEL_ID = #{welId})
		T2
		WHERE
		T1.EQU_ID =
		T2.EQU_ID)
		GROUP BY EQU_MEMO_THREE
	</select>


	<!-- 获取设备记录信息（按设备小类统计） -->
	<select id="findRecordInfoBySubclass"
		parameterType="com.soa.bigdataAnalyze.entity.QueryCondition"
		resultType="java.util.Map">
		WITH
		SUBQUERY
		AS
		(SELECT
		OPERATION_NUM,EXCEPTION_NUM,TENDING_NUM,MAINTAIN_NUM,VERIFY_NUM,EQU_ID
		FROM BI_EQUIPMENT_RECORD WHERE TO_CHAR(RECORD_DAY,'yyyy-mm-dd') &gt;=
		#{beginDate}
		AND TO_CHAR(RECORD_DAY,'yyyy-mm-dd') &lt; = #{endDate} AND
		IF_VERIFY = #{ifVerify})
		SELECT
		EQU_TYPE_NAME,SUM(OPERATION_NUM) || ''
		AS OPERATION_NUM,SUM(EXCEPTION_NUM) || '' AS EXCEPTION_NUM,
		SUM(TENDING_NUM) || '' TENDING_NUM,SUM(MAINTAIN_NUM) || '' AS
		MAINTAIN_NUM,SUM(VERIFY_NUM) || '' AS
		VERIFY_NUM,ROUND(1-SUM(EXCEPTION_NUM)/COUNT(1),2)*100 || '' AS
		FAILURERATE
		FROM (
		SELECT
		EQU_TYPE_NAME,OPERATION_NUM,EXCEPTION_NUM,TENDING_NUM,
		MAINTAIN_NUM,VERIFY_NUM
		FROM
		SUBQUERY T1,
		(SELECT
		EQU_TYPE_NAME,EQU_ID
		FROM
		CZ_EQUIPMENT_NEWS
		WHERE
		WEL_ID = #{welId})
		T2
		WHERE
		T1.EQU_ID =
		T2.EQU_ID)
		GROUP BY EQU_TYPE_NAME
	</select>


	<!-- 多井站设备记录信息获取（按设备大类统计） -->
	<select id="findRecordInofOfWelsByClass"
		parameterType="com.soa.bigdataAnalyze.entity.QueryCondition"
		resultType="java.util.Map">
		WITH
		SUBQUERY
		AS
		(SELECT
		OPERATION_NUM,EXCEPTION_NUM,TENDING_NUM,MAINTAIN_NUM,VERIFY_NUM,EQU_ID
		FROM BI_EQUIPMENT_RECORD WHERE TO_CHAR(RECORD_DAY,'yyyy-mm-dd') &gt;=
		#{beginDate}
		AND TO_CHAR(RECORD_DAY,'yyyy-mm-dd') &lt;= #{endDate}
		<if test="ifVerify!=null">
			AND
			IF_VERIFY = #{ifVerify,jdbcType=VARCHAR}
		</if>
		)
		SELECT
		EQU_MEMO_THREE,WEL_NAME,SUM(OPERATION_NUM) || '' AS
		OPERATION_NUM,SUM(EXCEPTION_NUM) || '' AS EXCEPTION_NUM,
		SUM(TENDING_NUM) || '' AS TENDING_NUM,SUM(MAINTAIN_NUM) || '' AS
		MAINTAIN_NUM,SUM(VERIFY_NUM) || '' AS
		VERIFY_NUM,ROUND(1-SUM(EXCEPTION_NUM)/COUNT(1),2)*100 ||
		'' AS
		FAILURERATE
		FROM (
		SELECT
		EQU_MEMO_THREE,WEL_NAME,OPERATION_NUM,EXCEPTION_NUM,TENDING_NUM,
		MAINTAIN_NUM,VERIFY_NUM
		FROM
		SUBQUERY T1,
		(SELECT
		EQU_MEMO_THREE,EQU_ID,WEL_NAME
		FROM
		CZ_EQUIPMENT_NEWS
		<where>
			<if test="welIds !=null ">
				AND WEL_ID IN
				<foreach item="welIds" index="index" collection="welIds"
					open="(" separator="," close=")">
					#{welIds,jdbcType=VARCHAR}
				</foreach>
			</if>
		</where>
		) T2
		WHERE
		T1.EQU_ID
		= T2.EQU_ID)
		GROUP BY
		EQU_MEMO_THREE,WEL_NAME
	</select>

	<!-- 多井站设备记录信息获取（按设备小类统计） -->
	<select id="findRecordInfOfWelsBySubclass"
		parameterType="com.soa.bigdataAnalyze.entity.QueryCondition"
		resultType="java.util.Map">
		WITH
		SUBQUERY
		AS
		(SELECT
		OPERATION_NUM,EXCEPTION_NUM,TENDING_NUM,MAINTAIN_NUM,VERIFY_NUM,EQU_ID
		FROM BI_EQUIPMENT_RECORD WHERE TO_CHAR(RECORD_DAY,'yyyy-mm-dd') &gt;=
		#{beginDate}
		AND TO_CHAR(RECORD_DAY,'yyyy-mm-dd') &lt;= #{endDate} AND
		IF_VERIFY = #{ifVerify})
		SELECT
		EQU_TYPE_NAME,WEL_NAME,SUM(OPERATION_NUM) || '' AS
		OPERATION_NUM,SUM(EXCEPTION_NUM) || '' AS EXCEPTION_NUM,
		SUM(TENDING_NUM) || '' AS TENDING_NUM,SUM(MAINTAIN_NUM) || '' AS
		MAINTAIN_NUM,SUM(VERIFY_NUM) || '' AS
		VERIFY_NUM,SUM(MAINTAIN_NUM) AS
		MAINTAIN_NUM,SUM(VERIFY_NUM) || '' AS
		VERIFY_NUM,ROUND(1-SUM(EXCEPTION_NUM)/COUNT(1),2)*100 || '' AS
		FAILURERATE
		FROM (
		SELECT
		EQU_TYPE_NAME,WEL_NAME,OPERATION_NUM,EXCEPTION_NUM,TENDING_NUM,
		MAINTAIN_NUM,VERIFY_NUM
		FROM
		SUBQUERY T1,
		(SELECT
		EQU_TYPE_NAME,EQU_ID,WEL_NAME
		FROM
		CZ_EQUIPMENT_NEWS
		<where>
			<if test="welIds !=null ">
				AND WEL_ID IN
				<foreach item="welIds" index="index" collection="welIds"
					open="(" separator="," close=")">
					#{welIds,jdbcType=VARCHAR}
				</foreach>
			</if>
		</where>
		) T2
		WHERE
		T1.EQU_ID =
		T2.EQU_ID)
		GROUP BY
		EQU_TYPE_NAME,WEL_NAME
	</select>


	<!-- 按设备大类分组，查询设备数量、异常数量、完好率信息 -->
	<select id="findEquipSituation"
		parameterType="com.soa.bigdataAnalyze.entity.QueryCondition"
		resultType="java.util.Map">
		WITH
		SUBQUERY
		AS
		(SELECT 1 AS EXCEPTION_NUM,EQU_ID FROM
		(SELECT
		DISTINCT
		EQU_ID
		FROM BI_EQUIPMENT_RECORD WHERE
		EXCEPTION_NUM
		&gt; 0
		<if test="beginDate!=null">
			AND TO_CHAR(RECORD_DAY,'yyyy-mm-dd') &gt;=
			#{beginDate}
		</if>
		<if test="endDate!=null">
			AND
			TO_CHAR(RECORD_DAY,'yyyy-mm-dd') &lt;= #{endDate}
		</if>
		))
		SELECT
		EQU_MEMO_THREE,NUM, EXCEPTION_NUM,ROUND((NUM -
		EXCEPTION_NUM)/NUM,2) || ''
		AS
		SERVICEABILITY_RATE FROM(
		SELECT
		EQU_MEMO_THREE,COUNT(1) || '' AS
		NUM,COUNT(EXCEPTION_NUM) || '' AS
		EXCEPTION_NUM
		FROM CZ_EQUIPMENT_NEWS T1
		LEFT JOIN SUBQUERY T2 ON
		T1.EQU_ID =
		T2.EQU_ID GROUP BY EQU_MEMO_THREE)
	</select>


	<!-- 根据设备大类分组，查询各个井站的设备数量、异常设备数量、完好率信息 -->
	<select id="findEquipSituationOfWels"
		parameterType="com.soa.bigdataAnalyze.entity.QueryCondition"
		resultType="java.util.Map">

		WITH
		SUBQUERY
		AS
		(SELECT 1 AS EXCEPTION_NUM,EQU_ID FROM (SELECT
		DISTINCT
		EQU_ID
		FROM BI_EQUIPMENT_RECORD WHERE
		EXCEPTION_NUM
		&gt; 0
		<if test="beginDate!=null">
			AND TO_CHAR(RECORD_DAY,'yyyy-mm-dd') &gt;=
			#{beginDate}
		</if>
		<if test="endDate!=null">
			AND
			TO_CHAR(RECORD_DAY,'yyyy-mm-dd') &lt;= #{endDate}
		</if>
		))
		SELECT EQU_MEMO_THREE,WEL_NAME,NUM,
		EXCEPTION_NUM,DECODE(NUM,0,0,ROUND((NUM -
		EXCEPTION_NUM)/NUM,2)) || ''
		AS SERVICEABILITY_RATE FROM(
		SELECT
		WEL_NAME,EQU_MEMO_THREE,COUNT(1) ||
		'' AS NUM,COUNT(EXCEPTION_NUM) || '' AS
		EXCEPTION_NUM
		FROM
		CZ_EQUIPMENT_NEWS T1 LEFT JOIN SUBQUERY T2 ON
		T1.EQU_ID = T2.EQU_ID
		GROUP BY EQU_MEMO_THREE,WEL_NAME)
	</select>

	<!-- 获取设备大类 -->
	<select id="findClassOfEquip" resultType="java.lang.String">
		SELECT
		DISTINCT
		EQU_MEMO_THREE
		FROM
		CZ_EQUIPMENT_NEWS
	</select>

	<!-- 获取设备表的井站id和井站名称 -->
	<select id="findWelInfo" resultType="java.util.Map">
		SELECT
		DISTINCT
		WEL_ID,WEL_NAME
		FROM
		CZ_EQUIPMENT_NEWS
	</select>

	<!-- 根据设备大类统计设备数量 -->
	<select id="findCountOfEquClass"
		parameterType="com.soa.bigdataAnalyze.entity.QueryCondition"
		resultType="java.util.Map">
		SELECT EQU_MEMO_THREE,COUNT(1) || '' AS NUM FROM CZ_EQUIPMENT_NEWS
		<where>
			<if test="welIds !=null ">
				WEL_ID IN
				<foreach item="welIds" index="index" collection="welIds"
					open="(" separator="," close=")">
					#{welIds,jdbcType=VARCHAR}
				</foreach>
			</if>
			<if test="equClasses !=null ">
				EQU_MEMO_THREE IN
				<foreach item="equClasses" index="index" collection="equClasses"
					open="(" separator="," close=")">
					#{equClasses,jdbcType=VARCHAR}
				</foreach>
			</if>
		</where>
		GROUP BY EQU_MEMO_THREE
	</select>

	<!-- 根据井站统计设备数量 -->
	<select id="findCountOfWel"
		parameterType="com.soa.bigdataAnalyze.entity.QueryCondition"
		resultType="java.util.Map">
		SELECT WEL_NAME,COUNT(1) || '' AS NUM FROM CZ_EQUIPMENT_NEWS
		<where>
			<if test="welIds !=null ">
				WEL_ID IN
				<foreach item="welIds" index="index" collection="welIds"
					open="(" separator="," close=")">
					#{welIds,jdbcType=VARCHAR}
				</foreach>
			</if>
			<if test="equClasses !=null ">
				EQU_MEMO_THREE IN
				<foreach item="equClasses" index="index" collection="equClasses"
					open="(" separator="," close=")">
					#{equClasses,jdbcType=VARCHAR}
				</foreach>
			</if>
		</where>
		GROUP BY WEL_NAME
	</select>

	<!-- 获取设备详细信息 -->
	<select id="findEquipmentInfo"
		parameterType="com.soa.bigdataAnalyze.entity.QueryCondition"
		resultType="java.util.Map">
		SELECT
		WEL_NAME,EQU_MEMO_THREE,EQU_TYPE_NAME,EQU_RFID,EQU_NAME,EQU_MODEL,TO_CHAR(EQU_PRODUC_DATE,'YYYY-MM-DD
		HH24:MI:SS') AS
		EQU_PRODUC_DATE,TO_CHAR(EQU_COMMISSION_DATE,'YYYY-MM-DD HH24:MI:SS')
		AS
		EQU_COMMISSION_DATE,EQU_INSTALL_POSITION,EQU_MANUFACTURER,EQU_POSITION_NUM,EQU_SN
		FROM CZ_EQUIPMENT_NEWS
		<where>
			<if test="welIds !=null ">
				WEL_ID IN
				<foreach item="welIds" index="index" collection="welIds"
					open="(" separator="," close=")">
					#{welIds,jdbcType=VARCHAR}
				</foreach>
			</if>
			<if test="equClasses !=null ">
				EQU_MEMO_THREE IN
				<foreach item="equClasses" index="index" collection="equClasses"
					open="(" separator="," close=")">
					#{equClasses,jdbcType=VARCHAR}
				</foreach>
			</if>
		</where>
	</select>


	<!-- 按井站统计设备总数、异常设备数量、设备完好率 -->
	<select id="findEquSituationOfWel"
		parameterType="com.soa.bigdataAnalyze.entity.QueryCondition"
		resultType="java.util.Map">
		WITH
		SUBQUERY
		AS
		(SELECT 1 AS EXCEPTION_NUM,EQU_ID FROM (SELECT
		DISTINCT
		EQU_ID
		FROM BI_EQUIPMENT_RECORD
		WHERE EXCEPTION_NUM > 0
		<if test="beginDate!=null">
			AND TO_CHAR(RECORD_DAY,'yyyy-mm-dd') &gt;=
			#{beginDate}
		</if>
		<if test="endDate!=null">
			AND
			TO_CHAR(RECORD_DAY,'yyyy-mm-dd') &lt;= #{endDate}
		</if>
		))
		SELECT WEL_NAME,NUM, EXCEPTION_NUM,DECODE(NUM,0,0,ROUND((NUM -
		EXCEPTION_NUM)/NUM,2)) || '' AS SERVICEABILITY_RATE FROM(
		SELECT
		WEL_NAME,COUNT(1) AS NUM,COUNT(EXCEPTION_NUM) AS EXCEPTION_NUM
		FROM
		CZ_EQUIPMENT_NEWS T1 LEFT JOIN SUBQUERY T2 ON T1.EQU_ID = T2.EQU_ID
		GROUP BY WEL_NAME)
	</select>


	<!-- 按设备小类统计设备总数、异常设备数量、设备完好率 -->
	<select id="findEquSituationOfSubclass"
		parameterType="com.soa.bigdataAnalyze.entity.QueryCondition"
		resultType="java.util.Map">
		WITH
		SUBQUERY
		AS
		(SELECT 1 AS EXCEPTION_NUM,EQU_ID FROM (SELECT
		DISTINCT
		EQU_ID
		FROM BI_EQUIPMENT_RECORD
		WHERE EXCEPTION_NUM > 0
		<if test="beginDate!=null">
			AND TO_CHAR(RECORD_DAY,'yyyy-mm-dd') &gt;=
			#{beginDate}
		</if>
		<if test="endDate!=null">
			AND
			TO_CHAR(RECORD_DAY,'yyyy-mm-dd') &lt;= #{endDate}
		</if>
		))
		SELECT EQU_TYPE_NAME,NUM, EXCEPTION_NUM,DECODE(NUM,0,0,ROUND((NUM -
		EXCEPTION_NUM)/NUM,2)) || '' AS SERVICEABILITY_RATE FROM(
		SELECT
		EQU_TYPE_NAME,COUNT(1) AS NUM,COUNT(EXCEPTION_NUM) AS EXCEPTION_NUM
		FROM
		CZ_EQUIPMENT_NEWS T1 LEFT JOIN SUBQUERY T2 ON T1.EQU_ID =
		T2.EQU_ID
		GROUP BY EQU_TYPE_NAME)
	</select>


	<select id="findCountOfSubclass"
		parameterType="com.soa.bigdataAnalyze.entity.QueryCondition"
		resultType="java.util.Map">
		SELECT EQU_TYPE_NAME,COUNT(1) || '' AS NUM FROM CZ_EQUIPMENT_NEWS
		<where>
			<if test="welIds !=null ">
				WEL_ID IN
				<foreach item="welIds" index="index" collection="welIds"
					open="(" separator="," close=")">
					#{welIds,jdbcType=VARCHAR}
				</foreach>
			</if>
			<if test="equClasses !=null ">
				EQU_MEMO_THREE IN
				<foreach item="equClasses" index="index" collection="equClasses"
					open="(" separator="," close=")">
					#{equClasses,jdbcType=VARCHAR}
				</foreach>
			</if>
		</where>
		GROUP BY EQU_TYPE_NAME
	</select>
</mapper>




