<?xml version="1.0" encoding="UTF-8"?>
<!DOCTYPE mapper PUBLIC "-//mybatis.org//DTD Mapper 3.0//EN" "http://mybatis.org/dtd/mybatis-3-mapper.dtd">
<mapper namespace="com.soa.bigdataAnalyze.mapper.BiGradeStandMapper">
  <resultMap id="BaseResultMap" type="com.soa.bigdataAnalyze.entity.BiGradeStand">
    <result column="ID" jdbcType="VARCHAR" property="id" />
    <result column="TASK_TYPE" jdbcType="VARCHAR" property="taskType" />
    <result column="WEL_STATION" jdbcType="VARCHAR" property="welStation" />
    <result column="WEL_STATION_ID" jdbcType="VARCHAR" property="welStationId" />
    <result column="DIM_NAME" jdbcType="VARCHAR" property="dimName" />
    <result column="WEIGHT_COEFFICIENT" jdbcType="VARCHAR" property="weightCoefficient" />
    <result column="STAND_VALUE" jdbcType="VARCHAR" property="standValue" />
    <result column="STANDBY_ONE" jdbcType="VARCHAR" property="standbyOne" />
    <result column="STANDBY_TWO" jdbcType="VARCHAR" property="standbyTwo" />
    <result column="STANDBY_THREE" jdbcType="VARCHAR" property="standbyThree" />
    <result column="DIM_NAME_EN" jdbcType="VARCHAR" property="dimNameEn" />
  </resultMap>
  <sql id="Example_Where_Clause">
    <where>
      <foreach collection="oredCriteria" item="criteria" separator="or">
        <if test="criteria.valid">
          <trim prefix="(" prefixOverrides="and" suffix=")">
            <foreach collection="criteria.criteria" item="criterion">
              <choose>
                <when test="criterion.noValue">
                  and ${criterion.condition}
                </when>
                <when test="criterion.singleValue">
                  and ${criterion.condition} #{criterion.value}
                </when>
                <when test="criterion.betweenValue">
                  and ${criterion.condition} #{criterion.value} and #{criterion.secondValue}
                </when>
                <when test="criterion.listValue">
                  and ${criterion.condition}
                  <foreach close=")" collection="criterion.value" item="listItem" open="(" separator=",">
                    #{listItem}
                  </foreach>
                </when>
              </choose>
            </foreach>
          </trim>
        </if>
      </foreach>
    </where>
  </sql>
  <sql id="Update_By_Example_Where_Clause">
    <where>
      <foreach collection="example.oredCriteria" item="criteria" separator="or">
        <if test="criteria.valid">
          <trim prefix="(" prefixOverrides="and" suffix=")">
            <foreach collection="criteria.criteria" item="criterion">
              <choose>
                <when test="criterion.noValue">
                  and ${criterion.condition}
                </when>
                <when test="criterion.singleValue">
                  and ${criterion.condition} #{criterion.value}
                </when>
                <when test="criterion.betweenValue">
                  and ${criterion.condition} #{criterion.value} and #{criterion.secondValue}
                </when>
                <when test="criterion.listValue">
                  and ${criterion.condition}
                  <foreach close=")" collection="criterion.value" item="listItem" open="(" separator=",">
                    #{listItem}
                  </foreach>
                </when>
              </choose>
            </foreach>
          </trim>
        </if>
      </foreach>
    </where>
  </sql>
  <sql id="Base_Column_List">
    ID, TASK_TYPE, WEL_STATION, WEL_STATION_ID, DIM_NAME, WEIGHT_COEFFICIENT, STAND_VALUE, 
    STANDBY_ONE, STANDBY_TWO, STANDBY_THREE, DIM_NAME_EN
  </sql>
  <select id="selectByExample" parameterType="com.soa.bigdataAnalyze.entity.BiGradeStandExample" resultMap="BaseResultMap">
    select
    <if test="distinct">
      distinct
    </if>
    <include refid="Base_Column_List" />
    from BI_GRADE_STAND
    <if test="_parameter != null">
      <include refid="Example_Where_Clause" />
    </if>
    <if test="orderByClause != null">
      order by ${orderByClause}
    </if>
  </select>
  <delete id="deleteByExample" parameterType="com.soa.bigdataAnalyze.entity.BiGradeStandExample">
    delete from BI_GRADE_STAND
    <if test="_parameter != null">
      <include refid="Example_Where_Clause" />
    </if>
  </delete>
  <insert id="insert" parameterType="com.soa.bigdataAnalyze.entity.BiGradeStand">
    insert into BI_GRADE_STAND (ID, TASK_TYPE, WEL_STATION, 
      WEL_STATION_ID, DIM_NAME, WEIGHT_COEFFICIENT, 
      STAND_VALUE, STANDBY_ONE, STANDBY_TWO, 
      STANDBY_THREE, DIM_NAME_EN)
    values (#{id,jdbcType=VARCHAR}, #{taskType,jdbcType=VARCHAR}, #{welStation,jdbcType=VARCHAR}, 
      #{welStationId,jdbcType=VARCHAR}, #{dimName,jdbcType=VARCHAR}, #{weightCoefficient,jdbcType=VARCHAR}, 
      #{standValue,jdbcType=VARCHAR}, #{standbyOne,jdbcType=VARCHAR}, #{standbyTwo,jdbcType=VARCHAR}, 
      #{standbyThree,jdbcType=VARCHAR}, #{dimNameEn,jdbcType=VARCHAR})
  </insert>
  <insert id="insertSelective" parameterType="com.soa.bigdataAnalyze.entity.BiGradeStand">
    insert into BI_GRADE_STAND
    <trim prefix="(" suffix=")" suffixOverrides=",">
      <if test="id != null">
        ID,
      </if>
      <if test="taskType != null">
        TASK_TYPE,
      </if>
      <if test="welStation != null">
        WEL_STATION,
      </if>
      <if test="welStationId != null">
        WEL_STATION_ID,
      </if>
      <if test="dimName != null">
        DIM_NAME,
      </if>
      <if test="weightCoefficient != null">
        WEIGHT_COEFFICIENT,
      </if>
      <if test="standValue != null">
        STAND_VALUE,
      </if>
      <if test="standbyOne != null">
        STANDBY_ONE,
      </if>
      <if test="standbyTwo != null">
        STANDBY_TWO,
      </if>
      <if test="standbyThree != null">
        STANDBY_THREE,
      </if>
      <if test="dimNameEn != null">
        DIM_NAME_EN,
      </if>
    </trim>
    <trim prefix="values (" suffix=")" suffixOverrides=",">
      <if test="id != null">
        #{id,jdbcType=VARCHAR},
      </if>
      <if test="taskType != null">
        #{taskType,jdbcType=VARCHAR},
      </if>
      <if test="welStation != null">
        #{welStation,jdbcType=VARCHAR},
      </if>
      <if test="welStationId != null">
        #{welStationId,jdbcType=VARCHAR},
      </if>
      <if test="dimName != null">
        #{dimName,jdbcType=VARCHAR},
      </if>
      <if test="weightCoefficient != null">
        #{weightCoefficient,jdbcType=VARCHAR},
      </if>
      <if test="standValue != null">
        #{standValue,jdbcType=VARCHAR},
      </if>
      <if test="standbyOne != null">
        #{standbyOne,jdbcType=VARCHAR},
      </if>
      <if test="standbyTwo != null">
        #{standbyTwo,jdbcType=VARCHAR},
      </if>
      <if test="standbyThree != null">
        #{standbyThree,jdbcType=VARCHAR},
      </if>
      <if test="dimNameEn != null">
        #{dimNameEn,jdbcType=VARCHAR},
      </if>
    </trim>
  </insert>
  <select id="countByExample" parameterType="com.soa.bigdataAnalyze.entity.BiGradeStandExample" resultType="java.lang.Long">
    select count(*) from BI_GRADE_STAND
    <if test="_parameter != null">
      <include refid="Example_Where_Clause" />
    </if>
  </select>
  <update id="updateByExampleSelective" parameterType="map">
    update BI_GRADE_STAND
    <set>
      <if test="record.id != null">
        ID = #{record.id,jdbcType=VARCHAR},
      </if>
      <if test="record.taskType != null">
        TASK_TYPE = #{record.taskType,jdbcType=VARCHAR},
      </if>
      <if test="record.welStation != null">
        WEL_STATION = #{record.welStation,jdbcType=VARCHAR},
      </if>
      <if test="record.welStationId != null">
        WEL_STATION_ID = #{record.welStationId,jdbcType=VARCHAR},
      </if>
      <if test="record.dimName != null">
        DIM_NAME = #{record.dimName,jdbcType=VARCHAR},
      </if>
      <if test="record.weightCoefficient != null">
        WEIGHT_COEFFICIENT = #{record.weightCoefficient,jdbcType=VARCHAR},
      </if>
      <if test="record.standValue != null">
        STAND_VALUE = #{record.standValue,jdbcType=VARCHAR},
      </if>
      <if test="record.standbyOne != null">
        STANDBY_ONE = #{record.standbyOne,jdbcType=VARCHAR},
      </if>
      <if test="record.standbyTwo != null">
        STANDBY_TWO = #{record.standbyTwo,jdbcType=VARCHAR},
      </if>
      <if test="record.standbyThree != null">
        STANDBY_THREE = #{record.standbyThree,jdbcType=VARCHAR},
      </if>
      <if test="record.dimNameEn != null">
        DIM_NAME_EN = #{record.dimNameEn,jdbcType=VARCHAR},
      </if>
    </set>
    <if test="_parameter != null">
      <include refid="Update_By_Example_Where_Clause" />
    </if>
  </update>
  <update id="updateByExample" parameterType="map">
    update BI_GRADE_STAND
    set ID = #{record.id,jdbcType=VARCHAR},
      TASK_TYPE = #{record.taskType,jdbcType=VARCHAR},
      WEL_STATION = #{record.welStation,jdbcType=VARCHAR},
      WEL_STATION_ID = #{record.welStationId,jdbcType=VARCHAR},
      DIM_NAME = #{record.dimName,jdbcType=VARCHAR},
      WEIGHT_COEFFICIENT = #{record.weightCoefficient,jdbcType=VARCHAR},
      STAND_VALUE = #{record.standValue,jdbcType=VARCHAR},
      STANDBY_ONE = #{record.standbyOne,jdbcType=VARCHAR},
      STANDBY_TWO = #{record.standbyTwo,jdbcType=VARCHAR},
      STANDBY_THREE = #{record.standbyThree,jdbcType=VARCHAR},
      DIM_NAME_EN = #{record.dimNameEn,jdbcType=VARCHAR}
    <if test="_parameter != null">
      <include refid="Update_By_Example_Where_Clause" />
    </if>
  </update>
  <!-- 查询所有的权重信息 -->
  
  <select id="findAll" resultMap="BaseResultMap">
  	select
  		*
  	from
  		BI_GRADE_STAND
  </select>
  
  <!-- 更新权重、标准值信息 -->
  <update id="updateByTaskTypeAndDimNameEn" parameterType="com.soa.bigdataAnalyze.entity.BiGradeStand">
  	update 
  		BI_GRADE_STAND
    set 
      	WEIGHT_COEFFICIENT = #{record.weightCoefficient,jdbcType=VARCHAR},
      	STAND_VALUE = #{record.standValue,jdbcType=VARCHAR}
    where 
     	DIM_NAME_EN = #{record.dimNameEn}
    and 
    	TASK_TYPE =  #{record.taskType}
      
  </update>
  
  
  
  
  
  
</mapper>