<?xml version="1.0" encoding="UTF-8"?>
<!DOCTYPE mapper PUBLIC "-//mybatis.org//DTD Mapper 3.0//EN" "http://mybatis.org/dtd/mybatis-3-mapper.dtd">
<mapper namespace="com.soa.bigdataAnalyze.mapper.BiNodePeopleInfoMapper">
  <resultMap id="BaseResultMap" type="com.soa.bigdataAnalyze.entity.BiNodePeopleInfo">
    <id column="ID" jdbcType="VARCHAR" property="id" />
    <result column="PEOPLE_NAME" jdbcType="VARCHAR" property="peopleName" />
    <result column="NODE_NAME" jdbcType="VARCHAR" property="nodeName" />
    <result column="NODE_CODE" jdbcType="VARCHAR" property="nodeCode" />
    <result column="STANDBY_ONE" jdbcType="VARCHAR" property="standbyOne" />
    <result column="STANDBY_TWO" jdbcType="VARCHAR" property="standbyTwo" />
    <result column="STANDBY_THREE" jdbcType="VARCHAR" property="standbyThree" />
  </resultMap>
  <sql id="Example_Where_Clause">
    <where>
      <foreach collection="oredCriteria" item="criteria" separator="or">
        <if test="criteria.valid">
          <trim prefix="(" prefixOverrides="and" suffix=")">
            <foreach collection="criteria.criteria" item="criterion">
              <choose>
                <when test="criterion.noValue">
                  and ${criterion.condition}
                </when>
                <when test="criterion.singleValue">
                  and ${criterion.condition} #{criterion.value}
                </when>
                <when test="criterion.betweenValue">
                  and ${criterion.condition} #{criterion.value} and #{criterion.secondValue}
                </when>
                <when test="criterion.listValue">
                  and ${criterion.condition}
                  <foreach close=")" collection="criterion.value" item="listItem" open="(" separator=",">
                    #{listItem}
                  </foreach>
                </when>
              </choose>
            </foreach>
          </trim>
        </if>
      </foreach>
    </where>
  </sql>
  <sql id="Update_By_Example_Where_Clause">
    <where>
      <foreach collection="example.oredCriteria" item="criteria" separator="or">
        <if test="criteria.valid">
          <trim prefix="(" prefixOverrides="and" suffix=")">
            <foreach collection="criteria.criteria" item="criterion">
              <choose>
                <when test="criterion.noValue">
                  and ${criterion.condition}
                </when>
                <when test="criterion.singleValue">
                  and ${criterion.condition} #{criterion.value}
                </when>
                <when test="criterion.betweenValue">
                  and ${criterion.condition} #{criterion.value} and #{criterion.secondValue}
                </when>
                <when test="criterion.listValue">
                  and ${criterion.condition}
                  <foreach close=")" collection="criterion.value" item="listItem" open="(" separator=",">
                    #{listItem}
                  </foreach>
                </when>
              </choose>
            </foreach>
          </trim>
        </if>
      </foreach>
    </where>
  </sql>
  <sql id="Base_Column_List">
    ID, PEOPLE_NAME, NODE_NAME, NODE_CODE, STANDBY_ONE, STANDBY_TWO, STANDBY_THREE
  </sql>
  <select id="selectByExample" parameterType="com.soa.bigdataAnalyze.entity.BiNodePeopleInfoExample" resultMap="BaseResultMap">
    select
    <if test="distinct">
      distinct
    </if>
    <include refid="Base_Column_List" />
    from BI_NODE_PEOPLE_INFO
    <if test="_parameter != null">
      <include refid="Example_Where_Clause" />
    </if>
    <if test="orderByClause != null">
      order by ${orderByClause}
    </if>
  </select>
  <select id="selectByPrimaryKey" parameterType="java.lang.String" resultMap="BaseResultMap">
    select 
    <include refid="Base_Column_List" />
    from BI_NODE_PEOPLE_INFO
    where ID = #{id,jdbcType=VARCHAR}
  </select>
  <delete id="deleteByPrimaryKey" parameterType="java.lang.String">
    delete from BI_NODE_PEOPLE_INFO
    where ID = #{id,jdbcType=VARCHAR}
  </delete>
  <delete id="deleteByExample" parameterType="com.soa.bigdataAnalyze.entity.BiNodePeopleInfoExample">
    delete from BI_NODE_PEOPLE_INFO
    <if test="_parameter != null">
      <include refid="Example_Where_Clause" />
    </if>
  </delete>
  <insert id="insert" parameterType="com.soa.bigdataAnalyze.entity.BiNodePeopleInfo">
    insert into BI_NODE_PEOPLE_INFO (ID, PEOPLE_NAME, NODE_NAME, 
      NODE_CODE, STANDBY_ONE, STANDBY_TWO, 
      STANDBY_THREE)
    values (#{id,jdbcType=VARCHAR}, #{peopleName,jdbcType=VARCHAR}, #{nodeName,jdbcType=VARCHAR}, 
      #{nodeCode,jdbcType=VARCHAR}, #{standbyOne,jdbcType=VARCHAR}, #{standbyTwo,jdbcType=VARCHAR}, 
      #{standbyThree,jdbcType=VARCHAR})
  </insert>
  <insert id="insertSelective" parameterType="com.soa.bigdataAnalyze.entity.BiNodePeopleInfo">
    insert into BI_NODE_PEOPLE_INFO
    <trim prefix="(" suffix=")" suffixOverrides=",">
      <if test="id != null">
        ID,
      </if>
      <if test="peopleName != null">
        PEOPLE_NAME,
      </if>
      <if test="nodeName != null">
        NODE_NAME,
      </if>
      <if test="nodeCode != null">
        NODE_CODE,
      </if>
      <if test="standbyOne != null">
        STANDBY_ONE,
      </if>
      <if test="standbyTwo != null">
        STANDBY_TWO,
      </if>
      <if test="standbyThree != null">
        STANDBY_THREE,
      </if>
    </trim>
    <trim prefix="values (" suffix=")" suffixOverrides=",">
      <if test="id != null">
        #{id,jdbcType=VARCHAR},
      </if>
      <if test="peopleName != null">
        #{peopleName,jdbcType=VARCHAR},
      </if>
      <if test="nodeName != null">
        #{nodeName,jdbcType=VARCHAR},
      </if>
      <if test="nodeCode != null">
        #{nodeCode,jdbcType=VARCHAR},
      </if>
      <if test="standbyOne != null">
        #{standbyOne,jdbcType=VARCHAR},
      </if>
      <if test="standbyTwo != null">
        #{standbyTwo,jdbcType=VARCHAR},
      </if>
      <if test="standbyThree != null">
        #{standbyThree,jdbcType=VARCHAR},
      </if>
    </trim>
  </insert>
  <select id="countByExample" parameterType="com.soa.bigdataAnalyze.entity.BiNodePeopleInfoExample" resultType="java.lang.Long">
    select count(*) from BI_NODE_PEOPLE_INFO
    <if test="_parameter != null">
      <include refid="Example_Where_Clause" />
    </if>
  </select>
  <update id="updateByExampleSelective" parameterType="map">
    update BI_NODE_PEOPLE_INFO
    <set>
      <if test="record.id != null">
        ID = #{record.id,jdbcType=VARCHAR},
      </if>
      <if test="record.peopleName != null">
        PEOPLE_NAME = #{record.peopleName,jdbcType=VARCHAR},
      </if>
      <if test="record.nodeName != null">
        NODE_NAME = #{record.nodeName,jdbcType=VARCHAR},
      </if>
      <if test="record.nodeCode != null">
        NODE_CODE = #{record.nodeCode,jdbcType=VARCHAR},
      </if>
      <if test="record.standbyOne != null">
        STANDBY_ONE = #{record.standbyOne,jdbcType=VARCHAR},
      </if>
      <if test="record.standbyTwo != null">
        STANDBY_TWO = #{record.standbyTwo,jdbcType=VARCHAR},
      </if>
      <if test="record.standbyThree != null">
        STANDBY_THREE = #{record.standbyThree,jdbcType=VARCHAR},
      </if>
    </set>
    <if test="_parameter != null">
      <include refid="Update_By_Example_Where_Clause" />
    </if>
  </update>
  <update id="updateByExample" parameterType="map">
    update BI_NODE_PEOPLE_INFO
    set ID = #{record.id,jdbcType=VARCHAR},
      PEOPLE_NAME = #{record.peopleName,jdbcType=VARCHAR},
      NODE_NAME = #{record.nodeName,jdbcType=VARCHAR},
      NODE_CODE = #{record.nodeCode,jdbcType=VARCHAR},
      STANDBY_ONE = #{record.standbyOne,jdbcType=VARCHAR},
      STANDBY_TWO = #{record.standbyTwo,jdbcType=VARCHAR},
      STANDBY_THREE = #{record.standbyThree,jdbcType=VARCHAR}
    <if test="_parameter != null">
      <include refid="Update_By_Example_Where_Clause" />
    </if>
  </update>
  <update id="updateByPrimaryKeySelective" parameterType="com.soa.bigdataAnalyze.entity.BiNodePeopleInfo">
    update BI_NODE_PEOPLE_INFO
    <set>
      <if test="peopleName != null">
        PEOPLE_NAME = #{peopleName,jdbcType=VARCHAR},
      </if>
      <if test="nodeName != null">
        NODE_NAME = #{nodeName,jdbcType=VARCHAR},
      </if>
      <if test="nodeCode != null">
        NODE_CODE = #{nodeCode,jdbcType=VARCHAR},
      </if>
      <if test="standbyOne != null">
        STANDBY_ONE = #{standbyOne,jdbcType=VARCHAR},
      </if>
      <if test="standbyTwo != null">
        STANDBY_TWO = #{standbyTwo,jdbcType=VARCHAR},
      </if>
      <if test="standbyThree != null">
        STANDBY_THREE = #{standbyThree,jdbcType=VARCHAR},
      </if>
    </set>
    where ID = #{id,jdbcType=VARCHAR}
  </update>
  <update id="updateByPrimaryKey" parameterType="com.soa.bigdataAnalyze.entity.BiNodePeopleInfo">
    update BI_NODE_PEOPLE_INFO
    set PEOPLE_NAME = #{peopleName,jdbcType=VARCHAR},
      NODE_NAME = #{nodeName,jdbcType=VARCHAR},
      NODE_CODE = #{nodeCode,jdbcType=VARCHAR},
      STANDBY_ONE = #{standbyOne,jdbcType=VARCHAR},
      STANDBY_TWO = #{standbyTwo,jdbcType=VARCHAR},
      STANDBY_THREE = #{standbyThree,jdbcType=VARCHAR}
    where ID = #{id,jdbcType=VARCHAR}
  </update>
</mapper>