<?xml version="1.0" encoding="UTF-8"?>
<!DOCTYPE mapper PUBLIC "-//mybatis.org//DTD Mapper 3.0//EN" "http://mybatis.org/dtd/mybatis-3-mapper.dtd">
<mapper
	namespace="com.soa.bigdataAnalyze.mapper.BiProblemNodeRecordMapper">
	<resultMap id="BaseResultMap"
		type="com.soa.bigdataAnalyze.entity.BiProblemNodeRecord">
		<id column="ID" jdbcType="VARCHAR" property="id" />
		<result column="RECORD_DAY" jdbcType="DATE"
			property="recordDay" />
		<result column="NODE_NAME" jdbcType="VARCHAR"
			property="nodeName" />
		<result column="NODE_CODE" jdbcType="VARCHAR"
			property="nodeCode" />
		<result column="TIME_SPENT" jdbcType="DECIMAL"
			property="timeSpent" />
		<result column="EXECUTOR" jdbcType="VARCHAR"
			property="executor" />
		<result column="EXECUTOR_ID" jdbcType="VARCHAR"
			property="executorId" />
		<result column="STANDBY_ONE" jdbcType="VARCHAR"
			property="standbyOne" />
		<result column="STANDBY_TWO" jdbcType="VARCHAR"
			property="standbyTwo" />
		<result column="STANDBY_THREE" jdbcType="VARCHAR"
			property="standbyThree" />
		<result column="BPR_ID" jdbcType="VARCHAR" property="bprId" />
	</resultMap>
	<sql id="Example_Where_Clause">
		<where>
			<foreach collection="oredCriteria" item="criteria"
				separator="or">
				<if test="criteria.valid">
					<trim prefix="(" prefixOverrides="and" suffix=")">
						<foreach collection="criteria.criteria" item="criterion">
							<choose>
								<when test="criterion.noValue">
									and ${criterion.condition}
								</when>
								<when test="criterion.singleValue">
									and ${criterion.condition} #{criterion.value}
								</when>
								<when test="criterion.betweenValue">
									and ${criterion.condition} #{criterion.value}
									and
									#{criterion.secondValue}
								</when>
								<when test="criterion.listValue">
									and ${criterion.condition}
									<foreach close=")" collection="criterion.value"
										item="listItem" open="(" separator=",">
										#{listItem}
									</foreach>
								</when>
							</choose>
						</foreach>
					</trim>
				</if>
			</foreach>
		</where>
	</sql>
	<sql id="Update_By_Example_Where_Clause">
		<where>
			<foreach collection="example.oredCriteria" item="criteria"
				separator="or">
				<if test="criteria.valid">
					<trim prefix="(" prefixOverrides="and" suffix=")">
						<foreach collection="criteria.criteria" item="criterion">
							<choose>
								<when test="criterion.noValue">
									and ${criterion.condition}
								</when>
								<when test="criterion.singleValue">
									and ${criterion.condition} #{criterion.value}
								</when>
								<when test="criterion.betweenValue">
									and ${criterion.condition} #{criterion.value}
									and
									#{criterion.secondValue}
								</when>
								<when test="criterion.listValue">
									and ${criterion.condition}
									<foreach close=")" collection="criterion.value"
										item="listItem" open="(" separator=",">
										#{listItem}
									</foreach>
								</when>
							</choose>
						</foreach>
					</trim>
				</if>
			</foreach>
		</where>
	</sql>
	<sql id="Base_Column_List">
		ID, RECORD_DAY, NODE_NAME, NODE_CODE, TIME_SPENT, EXECUTOR,
		EXECUTOR_ID,
		STANDBY_ONE,
		STANDBY_TWO, STANDBY_THREE, BPR_ID
	</sql>
	<select id="selectByExample"
		parameterType="com.soa.bigdataAnalyze.entity.BiProblemNodeRecordExample"
		resultMap="BaseResultMap">
		select
		<if test="distinct">
			distinct
		</if>
		<include refid="Base_Column_List" />
		from BI_PROBLEM_NODE_RECORD
		<if test="_parameter != null">
			<include refid="Example_Where_Clause" />
		</if>
		<if test="orderByClause != null">
			order by ${orderByClause}
		</if>
	</select>
	<select id="selectByPrimaryKey" parameterType="java.lang.String"
		resultMap="BaseResultMap">
		select
		<include refid="Base_Column_List" />
		from BI_PROBLEM_NODE_RECORD
		where ID = #{id,jdbcType=VARCHAR}
	</select>
	<delete id="deleteByPrimaryKey" parameterType="java.lang.String">
		delete from
		BI_PROBLEM_NODE_RECORD
		where ID = #{id,jdbcType=VARCHAR}
	</delete>
	<delete id="deleteByExample"
		parameterType="com.soa.bigdataAnalyze.entity.BiProblemNodeRecordExample">
		delete from BI_PROBLEM_NODE_RECORD
		<if test="_parameter != null">
			<include refid="Example_Where_Clause" />
		</if>
	</delete>
	<insert id="insert"
		parameterType="com.soa.bigdataAnalyze.entity.BiProblemNodeRecord">
		insert into BI_PROBLEM_NODE_RECORD (ID, RECORD_DAY,
		NODE_NAME,
		NODE_CODE, TIME_SPENT, EXECUTOR,
		EXECUTOR_ID, STANDBY_ONE,
		STANDBY_TWO,
		STANDBY_THREE, BPR_ID)
		values (#{id,jdbcType=VARCHAR},
		#{recordDay,jdbcType=DATE},
		#{nodeName,jdbcType=VARCHAR},
		#{nodeCode,jdbcType=VARCHAR}, #{timeSpent,jdbcType=DECIMAL},
		#{executor,jdbcType=VARCHAR},
		#{executorId,jdbcType=VARCHAR},
		#{standbyOne,jdbcType=VARCHAR},
		#{standbyTwo,jdbcType=VARCHAR},
		#{standbyThree,jdbcType=VARCHAR}, #{bprId,jdbcType=VARCHAR})
	</insert>
	<insert id="insertSelective"
		parameterType="com.soa.bigdataAnalyze.entity.BiProblemNodeRecord">
		insert into BI_PROBLEM_NODE_RECORD
		<trim prefix="(" suffix=")" suffixOverrides=",">
			<if test="id != null">
				ID,
			</if>
			<if test="recordDay != null">
				RECORD_DAY,
			</if>
			<if test="nodeName != null">
				NODE_NAME,
			</if>
			<if test="nodeCode != null">
				NODE_CODE,
			</if>
			<if test="timeSpent != null">
				TIME_SPENT,
			</if>
			<if test="executor != null">
				EXECUTOR,
			</if>
			<if test="executorId != null">
				EXECUTOR_ID,
			</if>
			<if test="standbyOne != null">
				STANDBY_ONE,
			</if>
			<if test="standbyTwo != null">
				STANDBY_TWO,
			</if>
			<if test="standbyThree != null">
				STANDBY_THREE,
			</if>
			<if test="bprId != null">
				BPR_ID,
			</if>
		</trim>
		<trim prefix="values (" suffix=")" suffixOverrides=",">
			<if test="id != null">
				#{id,jdbcType=VARCHAR},
			</if>
			<if test="recordDay != null">
				#{recordDay,jdbcType=DATE},
			</if>
			<if test="nodeName != null">
				#{nodeName,jdbcType=VARCHAR},
			</if>
			<if test="nodeCode != null">
				#{nodeCode,jdbcType=VARCHAR},
			</if>
			<if test="timeSpent != null">
				#{timeSpent,jdbcType=DECIMAL},
			</if>
			<if test="executor != null">
				#{executor,jdbcType=VARCHAR},
			</if>
			<if test="executorId != null">
				#{executorId,jdbcType=VARCHAR},
			</if>
			<if test="standbyOne != null">
				#{standbyOne,jdbcType=VARCHAR},
			</if>
			<if test="standbyTwo != null">
				#{standbyTwo,jdbcType=VARCHAR},
			</if>
			<if test="standbyThree != null">
				#{standbyThree,jdbcType=VARCHAR},
			</if>
			<if test="bprId != null">
				#{bprId,jdbcType=VARCHAR},
			</if>
		</trim>
	</insert>
	<select id="countByExample"
		parameterType="com.soa.bigdataAnalyze.entity.BiProblemNodeRecordExample"
		resultType="java.lang.Long">
		select count(*) from BI_PROBLEM_NODE_RECORD
		<if test="_parameter != null">
			<include refid="Example_Where_Clause" />
		</if>
	</select>
	<update id="updateByExampleSelective" parameterType="map">
		update BI_PROBLEM_NODE_RECORD
		<set>
			<if test="record.id != null">
				ID = #{record.id,jdbcType=VARCHAR},
			</if>
			<if test="record.recordDay != null">
				RECORD_DAY = #{record.recordDay,jdbcType=DATE},
			</if>
			<if test="record.nodeName != null">
				NODE_NAME = #{record.nodeName,jdbcType=VARCHAR},
			</if>
			<if test="record.nodeCode != null">
				NODE_CODE = #{record.nodeCode,jdbcType=VARCHAR},
			</if>
			<if test="record.timeSpent != null">
				TIME_SPENT = #{record.timeSpent,jdbcType=DECIMAL},
			</if>
			<if test="record.executor != null">
				EXECUTOR = #{record.executor,jdbcType=VARCHAR},
			</if>
			<if test="record.executorId != null">
				EXECUTOR_ID = #{record.executorId,jdbcType=VARCHAR},
			</if>
			<if test="record.standbyOne != null">
				STANDBY_ONE = #{record.standbyOne,jdbcType=VARCHAR},
			</if>
			<if test="record.standbyTwo != null">
				STANDBY_TWO = #{record.standbyTwo,jdbcType=VARCHAR},
			</if>
			<if test="record.standbyThree != null">
				STANDBY_THREE = #{record.standbyThree,jdbcType=VARCHAR},
			</if>
			<if test="record.bprId != null">
				BPR_ID = #{record.bprId,jdbcType=VARCHAR},
			</if>
		</set>
		<if test="_parameter != null">
			<include refid="Update_By_Example_Where_Clause" />
		</if>
	</update>
	<update id="updateByExample" parameterType="map">
		update BI_PROBLEM_NODE_RECORD
		set ID = #{record.id,jdbcType=VARCHAR},
		RECORD_DAY = #{record.recordDay,jdbcType=DATE},
		NODE_NAME =
		#{record.nodeName,jdbcType=VARCHAR},
		NODE_CODE =
		#{record.nodeCode,jdbcType=VARCHAR},
		TIME_SPENT =
		#{record.timeSpent,jdbcType=DECIMAL},
		EXECUTOR =
		#{record.executor,jdbcType=VARCHAR},
		EXECUTOR_ID =
		#{record.executorId,jdbcType=VARCHAR},
		STANDBY_ONE =
		#{record.standbyOne,jdbcType=VARCHAR},
		STANDBY_TWO =
		#{record.standbyTwo,jdbcType=VARCHAR},
		STANDBY_THREE =
		#{record.standbyThree,jdbcType=VARCHAR},
		BPR_ID =
		#{record.bprId,jdbcType=VARCHAR}
		<if test="_parameter != null">
			<include refid="Update_By_Example_Where_Clause" />
		</if>
	</update>
	<update id="updateByPrimaryKeySelective"
		parameterType="com.soa.bigdataAnalyze.entity.BiProblemNodeRecord">
		update BI_PROBLEM_NODE_RECORD
		<set>
			<if test="recordDay != null">
				RECORD_DAY = #{recordDay,jdbcType=DATE},
			</if>
			<if test="nodeName != null">
				NODE_NAME = #{nodeName,jdbcType=VARCHAR},
			</if>
			<if test="nodeCode != null">
				NODE_CODE = #{nodeCode,jdbcType=VARCHAR},
			</if>
			<if test="timeSpent != null">
				TIME_SPENT = #{timeSpent,jdbcType=DECIMAL},
			</if>
			<if test="executor != null">
				EXECUTOR = #{executor,jdbcType=VARCHAR},
			</if>
			<if test="executorId != null">
				EXECUTOR_ID = #{executorId,jdbcType=VARCHAR},
			</if>
			<if test="standbyOne != null">
				STANDBY_ONE = #{standbyOne,jdbcType=VARCHAR},
			</if>
			<if test="standbyTwo != null">
				STANDBY_TWO = #{standbyTwo,jdbcType=VARCHAR},
			</if>
			<if test="standbyThree != null">
				STANDBY_THREE = #{standbyThree,jdbcType=VARCHAR},
			</if>
			<if test="bprId != null">
				BPR_ID = #{bprId,jdbcType=VARCHAR},
			</if>
		</set>
		where ID = #{id,jdbcType=VARCHAR}
	</update>
	<update id="updateByPrimaryKey"
		parameterType="com.soa.bigdataAnalyze.entity.BiProblemNodeRecord">
		update BI_PROBLEM_NODE_RECORD
		set RECORD_DAY =
		#{recordDay,jdbcType=DATE},
		NODE_NAME = #{nodeName,jdbcType=VARCHAR},
		NODE_CODE = #{nodeCode,jdbcType=VARCHAR},
		TIME_SPENT =
		#{timeSpent,jdbcType=DECIMAL},
		EXECUTOR = #{executor,jdbcType=VARCHAR},
		EXECUTOR_ID = #{executorId,jdbcType=VARCHAR},
		STANDBY_ONE =
		#{standbyOne,jdbcType=VARCHAR},
		STANDBY_TWO =
		#{standbyTwo,jdbcType=VARCHAR},
		STANDBY_THREE =
		#{standbyThree,jdbcType=VARCHAR},
		BPR_ID = #{bprId,jdbcType=VARCHAR}
		where ID = #{id,jdbcType=VARCHAR}
	</update>


	<!-- 获取问题处理的各个节点的平均消耗时间 -->
	<select id="findTimeCostOfNode"
		parameterType="com.soa.bigdataAnalyze.entity.QueryCondition"
		resultType="java.util.Map">
		WITH
		SUBQUERY
		AS
		(SELECT NODE_NAME,TIME_SPENT FROM
		BI_PROBLEM_NODE_RECORD WHERE
		TO_CHAR(RECORD_DAY,'YYYY-MM-DD') &gt;=
		#{beginDate} AND
		TO_CHAR(RECORD_DAY,'YYYY-MM-DD') &lt;= #{endDate})
		SELECT NODE_NAME,ROUND(AVG(TIME_SPENT),2) AS AVG_TIME_SPENT FROM
		SUBQUERY
		GROUP BY NODE_NAME
		ORDER BY
		AVG_TIME_SPENT
	</select>


	<!-- 查询问题处理的各个节点消耗的时间 -->
	<select id="findTimeCostOfEveryProblemNode"
		parameterType="com.soa.bigdataAnalyze.entity.QueryCondition"
		resultMap="BaseResultMap">
		SELECT BPR_ID,NODE_CODE,TIME_SPENT FROM
		BI_PROBLEM_NODE_RECORD
		WHERE TO_CHAR(RECORD_DAY,'YYYY-MM-DD')
		&gt;=#{beginDate}
		AND
		TO_CHAR(RECORD_DAY,'YYYY-MM-DD') &lt;= #{endDate}
	</select>


	<select id="findTimeCostOfEveryPeople"
		parameterType="com.soa.bigdataAnalyze.entity.QueryCondition"
		resultType="java.util.Map">
		WITH
		SUBQUERY
		AS
		( SELECT EXECUTOR,NODE_CODE,TIME_SPENT FROM BI_PROBLEM_NODE_RECORD
		WHERE TO_CHAR(RECORD_DAY,'YYYY-MM-DD')
		&gt;=#{beginDate}
		AND
		TO_CHAR(RECORD_DAY,'YYYY-MM-DD') &lt;= #{endDate})
		SELECT EXECUTOR,NODE_CODE,ROUND(AVG(TIME_SPENT),2) || '' AS AVG_TIME_SPENT FROM
		SUBQUERY
		GROUP BY
		EXECUTOR,NODE_CODE
	</select>


</mapper>