<?xml version="1.0" encoding="UTF-8"?>
<!DOCTYPE mapper PUBLIC "-//mybatis.org//DTD Mapper 3.0//EN" "http://mybatis.org/dtd/mybatis-3-mapper.dtd">
<mapper namespace="com.soa.bigdataAnalyze.mapper.BiProblemRecordMapper">
  <resultMap id="BaseResultMap" type="com.soa.bigdataAnalyze.entity.BiProblemRecord">
    <id column="ID" jdbcType="VARCHAR" property="id" />
    <result column="RECORD_DAY" jdbcType="DATE" property="recordDay" />
    <result column="PROBLEM_NUMBER" jdbcType="VARCHAR" property="problemNumber" />
    <result column="PROBLEM_DESC" jdbcType="VARCHAR" property="problemDesc" />
    <result column="PROBLEM_STATE" jdbcType="VARCHAR" property="problemState" />
    <result column="PROBLEM_TYPE" jdbcType="VARCHAR" property="problemType" />
    <result column="PROBLEM_LEVEL" jdbcType="VARCHAR" property="problemLevel" />
    <result column="PROBLEM_SOURCE" jdbcType="VARCHAR" property="problemSource" />
    <result column="IF_DEVICE" jdbcType="VARCHAR" property="ifDevice" />
    <result column="IF_PICTURE" jdbcType="VARCHAR" property="ifPicture" />
    <result column="IF_VOICE" jdbcType="VARCHAR" property="ifVoice" />
    <result column="DESC_COUNT" jdbcType="VARCHAR" property="descCount" />
    <result column="STANDBY_ONE" jdbcType="VARCHAR" property="standbyOne" />
    <result column="STANDBY_TWO" jdbcType="VARCHAR" property="standbyTwo" />
    <result column="STANDBY_THREE" jdbcType="VARCHAR" property="standbyThree" />
    <result column="WEL_NAME" jdbcType="VARCHAR" property="welName" />
    <result column="WEL_ID" jdbcType="VARCHAR" property="welId" />
  </resultMap>
  <sql id="Example_Where_Clause">
    <where>
      <foreach collection="oredCriteria" item="criteria" separator="or">
        <if test="criteria.valid">
          <trim prefix="(" prefixOverrides="and" suffix=")">
            <foreach collection="criteria.criteria" item="criterion">
              <choose>
                <when test="criterion.noValue">
                  and ${criterion.condition}
                </when>
                <when test="criterion.singleValue">
                  and ${criterion.condition} #{criterion.value}
                </when>
                <when test="criterion.betweenValue">
                  and ${criterion.condition} #{criterion.value} and #{criterion.secondValue}
                </when>
                <when test="criterion.listValue">
                  and ${criterion.condition}
                  <foreach close=")" collection="criterion.value" item="listItem" open="(" separator=",">
                    #{listItem}
                  </foreach>
                </when>
              </choose>
            </foreach>
          </trim>
        </if>
      </foreach>
    </where>
  </sql>
  <sql id="Update_By_Example_Where_Clause">
    <where>
      <foreach collection="example.oredCriteria" item="criteria" separator="or">
        <if test="criteria.valid">
          <trim prefix="(" prefixOverrides="and" suffix=")">
            <foreach collection="criteria.criteria" item="criterion">
              <choose>
                <when test="criterion.noValue">
                  and ${criterion.condition}
                </when>
                <when test="criterion.singleValue">
                  and ${criterion.condition} #{criterion.value}
                </when>
                <when test="criterion.betweenValue">
                  and ${criterion.condition} #{criterion.value} and #{criterion.secondValue}
                </when>
                <when test="criterion.listValue">
                  and ${criterion.condition}
                  <foreach close=")" collection="criterion.value" item="listItem" open="(" separator=",">
                    #{listItem}
                  </foreach>
                </when>
              </choose>
            </foreach>
          </trim>
        </if>
      </foreach>
    </where>
  </sql>
  <sql id="Base_Column_List">
    ID, RECORD_DAY, PROBLEM_NUMBER, PROBLEM_DESC, PROBLEM_STATE, PROBLEM_TYPE, PROBLEM_LEVEL, 
    PROBLEM_SOURCE, IF_DEVICE, IF_PICTURE, IF_VOICE, DESC_COUNT, STANDBY_ONE, STANDBY_TWO, 
    STANDBY_THREE, WEL_NAME, WEL_ID
  </sql>
  <select id="selectByExample" parameterType="com.soa.bigdataAnalyze.entity.BiProblemRecordExample" resultMap="BaseResultMap">
    select
    <if test="distinct">
      distinct
    </if>
    <include refid="Base_Column_List" />
    from BI_PROBLEM_RECORD
    <if test="_parameter != null">
      <include refid="Example_Where_Clause" />
    </if>
    <if test="orderByClause != null">
      order by ${orderByClause}
    </if>
  </select>
  <select id="selectByPrimaryKey" parameterType="java.lang.String" resultMap="BaseResultMap">
    select 
    <include refid="Base_Column_List" />
    from BI_PROBLEM_RECORD
    where ID = #{id,jdbcType=VARCHAR}
  </select>
  <delete id="deleteByPrimaryKey" parameterType="java.lang.String">
    delete from BI_PROBLEM_RECORD
    where ID = #{id,jdbcType=VARCHAR}
  </delete>
  <delete id="deleteByExample" parameterType="com.soa.bigdataAnalyze.entity.BiProblemRecordExample">
    delete from BI_PROBLEM_RECORD
    <if test="_parameter != null">
      <include refid="Example_Where_Clause" />
    </if>
  </delete>
  <insert id="insert" parameterType="com.soa.bigdataAnalyze.entity.BiProblemRecord">
    insert into BI_PROBLEM_RECORD (ID, RECORD_DAY, PROBLEM_NUMBER, 
      PROBLEM_DESC, PROBLEM_STATE, PROBLEM_TYPE, 
      PROBLEM_LEVEL, PROBLEM_SOURCE, IF_DEVICE, 
      IF_PICTURE, IF_VOICE, DESC_COUNT, 
      STANDBY_ONE, STANDBY_TWO, STANDBY_THREE, 
      WEL_NAME, WEL_ID)
    values (#{id,jdbcType=VARCHAR}, #{recordDay,jdbcType=DATE}, #{problemNumber,jdbcType=VARCHAR}, 
      #{problemDesc,jdbcType=VARCHAR}, #{problemState,jdbcType=VARCHAR}, #{problemType,jdbcType=VARCHAR}, 
      #{problemLevel,jdbcType=VARCHAR}, #{problemSource,jdbcType=VARCHAR}, #{ifDevice,jdbcType=VARCHAR}, 
      #{ifPicture,jdbcType=VARCHAR}, #{ifVoice,jdbcType=VARCHAR}, #{descCount,jdbcType=VARCHAR}, 
      #{standbyOne,jdbcType=VARCHAR}, #{standbyTwo,jdbcType=VARCHAR}, #{standbyThree,jdbcType=VARCHAR}, 
      #{welName,jdbcType=VARCHAR}, #{welId,jdbcType=VARCHAR})
  </insert>
  <insert id="insertSelective" parameterType="com.soa.bigdataAnalyze.entity.BiProblemRecord">
    insert into BI_PROBLEM_RECORD
    <trim prefix="(" suffix=")" suffixOverrides=",">
      <if test="id != null">
        ID,
      </if>
      <if test="recordDay != null">
        RECORD_DAY,
      </if>
      <if test="problemNumber != null">
        PROBLEM_NUMBER,
      </if>
      <if test="problemDesc != null">
        PROBLEM_DESC,
      </if>
      <if test="problemState != null">
        PROBLEM_STATE,
      </if>
      <if test="problemType != null">
        PROBLEM_TYPE,
      </if>
      <if test="problemLevel != null">
        PROBLEM_LEVEL,
      </if>
      <if test="problemSource != null">
        PROBLEM_SOURCE,
      </if>
      <if test="ifDevice != null">
        IF_DEVICE,
      </if>
      <if test="ifPicture != null">
        IF_PICTURE,
      </if>
      <if test="ifVoice != null">
        IF_VOICE,
      </if>
      <if test="descCount != null">
        DESC_COUNT,
      </if>
      <if test="standbyOne != null">
        STANDBY_ONE,
      </if>
      <if test="standbyTwo != null">
        STANDBY_TWO,
      </if>
      <if test="standbyThree != null">
        STANDBY_THREE,
      </if>
      <if test="welName != null">
        WEL_NAME,
      </if>
      <if test="welId != null">
        WEL_ID,
      </if>
    </trim>
    <trim prefix="values (" suffix=")" suffixOverrides=",">
      <if test="id != null">
        #{id,jdbcType=VARCHAR},
      </if>
      <if test="recordDay != null">
        #{recordDay,jdbcType=DATE},
      </if>
      <if test="problemNumber != null">
        #{problemNumber,jdbcType=VARCHAR},
      </if>
      <if test="problemDesc != null">
        #{problemDesc,jdbcType=VARCHAR},
      </if>
      <if test="problemState != null">
        #{problemState,jdbcType=VARCHAR},
      </if>
      <if test="problemType != null">
        #{problemType,jdbcType=VARCHAR},
      </if>
      <if test="problemLevel != null">
        #{problemLevel,jdbcType=VARCHAR},
      </if>
      <if test="problemSource != null">
        #{problemSource,jdbcType=VARCHAR},
      </if>
      <if test="ifDevice != null">
        #{ifDevice,jdbcType=VARCHAR},
      </if>
      <if test="ifPicture != null">
        #{ifPicture,jdbcType=VARCHAR},
      </if>
      <if test="ifVoice != null">
        #{ifVoice,jdbcType=VARCHAR},
      </if>
      <if test="descCount != null">
        #{descCount,jdbcType=VARCHAR},
      </if>
      <if test="standbyOne != null">
        #{standbyOne,jdbcType=VARCHAR},
      </if>
      <if test="standbyTwo != null">
        #{standbyTwo,jdbcType=VARCHAR},
      </if>
      <if test="standbyThree != null">
        #{standbyThree,jdbcType=VARCHAR},
      </if>
      <if test="welName != null">
        #{welName,jdbcType=VARCHAR},
      </if>
      <if test="welId != null">
        #{welId,jdbcType=VARCHAR},
      </if>
    </trim>
  </insert>
  <select id="countByExample" parameterType="com.soa.bigdataAnalyze.entity.BiProblemRecordExample" resultType="java.lang.Long">
    select count(*) from BI_PROBLEM_RECORD
    <if test="_parameter != null">
      <include refid="Example_Where_Clause" />
    </if>
  </select>
  <update id="updateByExampleSelective" parameterType="map">
    update BI_PROBLEM_RECORD
    <set>
      <if test="record.id != null">
        ID = #{record.id,jdbcType=VARCHAR},
      </if>
      <if test="record.recordDay != null">
        RECORD_DAY = #{record.recordDay,jdbcType=DATE},
      </if>
      <if test="record.problemNumber != null">
        PROBLEM_NUMBER = #{record.problemNumber,jdbcType=VARCHAR},
      </if>
      <if test="record.problemDesc != null">
        PROBLEM_DESC = #{record.problemDesc,jdbcType=VARCHAR},
      </if>
      <if test="record.problemState != null">
        PROBLEM_STATE = #{record.problemState,jdbcType=VARCHAR},
      </if>
      <if test="record.problemType != null">
        PROBLEM_TYPE = #{record.problemType,jdbcType=VARCHAR},
      </if>
      <if test="record.problemLevel != null">
        PROBLEM_LEVEL = #{record.problemLevel,jdbcType=VARCHAR},
      </if>
      <if test="record.problemSource != null">
        PROBLEM_SOURCE = #{record.problemSource,jdbcType=VARCHAR},
      </if>
      <if test="record.ifDevice != null">
        IF_DEVICE = #{record.ifDevice,jdbcType=VARCHAR},
      </if>
      <if test="record.ifPicture != null">
        IF_PICTURE = #{record.ifPicture,jdbcType=VARCHAR},
      </if>
      <if test="record.ifVoice != null">
        IF_VOICE = #{record.ifVoice,jdbcType=VARCHAR},
      </if>
      <if test="record.descCount != null">
        DESC_COUNT = #{record.descCount,jdbcType=VARCHAR},
      </if>
      <if test="record.standbyOne != null">
        STANDBY_ONE = #{record.standbyOne,jdbcType=VARCHAR},
      </if>
      <if test="record.standbyTwo != null">
        STANDBY_TWO = #{record.standbyTwo,jdbcType=VARCHAR},
      </if>
      <if test="record.standbyThree != null">
        STANDBY_THREE = #{record.standbyThree,jdbcType=VARCHAR},
      </if>
      <if test="record.welName != null">
        WEL_NAME = #{record.welName,jdbcType=VARCHAR},
      </if>
      <if test="record.welId != null">
        WEL_ID = #{record.welId,jdbcType=VARCHAR},
      </if>
    </set>
    <if test="_parameter != null">
      <include refid="Update_By_Example_Where_Clause" />
    </if>
  </update>
  <update id="updateByExample" parameterType="map">
    update BI_PROBLEM_RECORD
    set ID = #{record.id,jdbcType=VARCHAR},
      RECORD_DAY = #{record.recordDay,jdbcType=DATE},
      PROBLEM_NUMBER = #{record.problemNumber,jdbcType=VARCHAR},
      PROBLEM_DESC = #{record.problemDesc,jdbcType=VARCHAR},
      PROBLEM_STATE = #{record.problemState,jdbcType=VARCHAR},
      PROBLEM_TYPE = #{record.problemType,jdbcType=VARCHAR},
      PROBLEM_LEVEL = #{record.problemLevel,jdbcType=VARCHAR},
      PROBLEM_SOURCE = #{record.problemSource,jdbcType=VARCHAR},
      IF_DEVICE = #{record.ifDevice,jdbcType=VARCHAR},
      IF_PICTURE = #{record.ifPicture,jdbcType=VARCHAR},
      IF_VOICE = #{record.ifVoice,jdbcType=VARCHAR},
      DESC_COUNT = #{record.descCount,jdbcType=VARCHAR},
      STANDBY_ONE = #{record.standbyOne,jdbcType=VARCHAR},
      STANDBY_TWO = #{record.standbyTwo,jdbcType=VARCHAR},
      STANDBY_THREE = #{record.standbyThree,jdbcType=VARCHAR},
      WEL_NAME = #{record.welName,jdbcType=VARCHAR},
      WEL_ID = #{record.welId,jdbcType=VARCHAR}
    <if test="_parameter != null">
      <include refid="Update_By_Example_Where_Clause" />
    </if>
  </update>
  <update id="updateByPrimaryKeySelective" parameterType="com.soa.bigdataAnalyze.entity.BiProblemRecord">
    update BI_PROBLEM_RECORD
    <set>
      <if test="recordDay != null">
        RECORD_DAY = #{recordDay,jdbcType=DATE},
      </if>
      <if test="problemNumber != null">
        PROBLEM_NUMBER = #{problemNumber,jdbcType=VARCHAR},
      </if>
      <if test="problemDesc != null">
        PROBLEM_DESC = #{problemDesc,jdbcType=VARCHAR},
      </if>
      <if test="problemState != null">
        PROBLEM_STATE = #{problemState,jdbcType=VARCHAR},
      </if>
      <if test="problemType != null">
        PROBLEM_TYPE = #{problemType,jdbcType=VARCHAR},
      </if>
      <if test="problemLevel != null">
        PROBLEM_LEVEL = #{problemLevel,jdbcType=VARCHAR},
      </if>
      <if test="problemSource != null">
        PROBLEM_SOURCE = #{problemSource,jdbcType=VARCHAR},
      </if>
      <if test="ifDevice != null">
        IF_DEVICE = #{ifDevice,jdbcType=VARCHAR},
      </if>
      <if test="ifPicture != null">
        IF_PICTURE = #{ifPicture,jdbcType=VARCHAR},
      </if>
      <if test="ifVoice != null">
        IF_VOICE = #{ifVoice,jdbcType=VARCHAR},
      </if>
      <if test="descCount != null">
        DESC_COUNT = #{descCount,jdbcType=VARCHAR},
      </if>
      <if test="standbyOne != null">
        STANDBY_ONE = #{standbyOne,jdbcType=VARCHAR},
      </if>
      <if test="standbyTwo != null">
        STANDBY_TWO = #{standbyTwo,jdbcType=VARCHAR},
      </if>
      <if test="standbyThree != null">
        STANDBY_THREE = #{standbyThree,jdbcType=VARCHAR},
      </if>
      <if test="welName != null">
        WEL_NAME = #{welName,jdbcType=VARCHAR},
      </if>
      <if test="welId != null">
        WEL_ID = #{welId,jdbcType=VARCHAR},
      </if>
    </set>
    where ID = #{id,jdbcType=VARCHAR}
  </update>
  <update id="updateByPrimaryKey" parameterType="com.soa.bigdataAnalyze.entity.BiProblemRecord">
    update BI_PROBLEM_RECORD
    set RECORD_DAY = #{recordDay,jdbcType=DATE},
      PROBLEM_NUMBER = #{problemNumber,jdbcType=VARCHAR},
      PROBLEM_DESC = #{problemDesc,jdbcType=VARCHAR},
      PROBLEM_STATE = #{problemState,jdbcType=VARCHAR},
      PROBLEM_TYPE = #{problemType,jdbcType=VARCHAR},
      PROBLEM_LEVEL = #{problemLevel,jdbcType=VARCHAR},
      PROBLEM_SOURCE = #{problemSource,jdbcType=VARCHAR},
      IF_DEVICE = #{ifDevice,jdbcType=VARCHAR},
      IF_PICTURE = #{ifPicture,jdbcType=VARCHAR},
      IF_VOICE = #{ifVoice,jdbcType=VARCHAR},
      DESC_COUNT = #{descCount,jdbcType=VARCHAR},
      STANDBY_ONE = #{standbyOne,jdbcType=VARCHAR},
      STANDBY_TWO = #{standbyTwo,jdbcType=VARCHAR},
      STANDBY_THREE = #{standbyThree,jdbcType=VARCHAR},
      WEL_NAME = #{welName,jdbcType=VARCHAR},
      WEL_ID = #{welId,jdbcType=VARCHAR}
    where ID = #{id,jdbcType=VARCHAR}
  </update>
</mapper>