<?xml version="1.0" encoding="UTF-8"?>
<!DOCTYPE mapper PUBLIC "-//mybatis.org//DTD Mapper 3.0//EN" "http://mybatis.org/dtd/mybatis-3-mapper.dtd">
<mapper namespace="com.soa.bigdataAnalyze.mapper.BiStepInfoMapper">
  <resultMap id="BaseResultMap" type="com.soa.bigdataAnalyze.entity.BiStepInfo">
    <result column="ID" jdbcType="VARCHAR" property="id" />
    <result column="TASK_ID" jdbcType="VARCHAR" property="taskId" />
    <result column="STEP_NAME" jdbcType="VARCHAR" property="stepName" />
    <result column="STEP_DETAIL" jdbcType="VARCHAR" property="stepDetail" />
    <result column="EXECUTION_TIME" jdbcType="VARCHAR" property="executionTime" />
    <result column="STANDBY_ONE" jdbcType="VARCHAR" property="standbyOne" />
    <result column="STANDBY_TWO" jdbcType="VARCHAR" property="standbyTwo" />
    <result column="STANDBY_THREE" jdbcType="VARCHAR" property="standbyThree" />
  </resultMap>
  <sql id="Example_Where_Clause">
    <where>
      <foreach collection="oredCriteria" item="criteria" separator="or">
        <if test="criteria.valid">
          <trim prefix="(" prefixOverrides="and" suffix=")">
            <foreach collection="criteria.criteria" item="criterion">
              <choose>
                <when test="criterion.noValue">
                  and ${criterion.condition}
                </when>
                <when test="criterion.singleValue">
                  and ${criterion.condition} #{criterion.value}
                </when>
                <when test="criterion.betweenValue">
                  and ${criterion.condition} #{criterion.value} and #{criterion.secondValue}
                </when>
                <when test="criterion.listValue">
                  and ${criterion.condition}
                  <foreach close=")" collection="criterion.value" item="listItem" open="(" separator=",">
                    #{listItem}
                  </foreach>
                </when>
              </choose>
            </foreach>
          </trim>
        </if>
      </foreach>
    </where>
  </sql>
  <sql id="Update_By_Example_Where_Clause">
    <where>
      <foreach collection="example.oredCriteria" item="criteria" separator="or">
        <if test="criteria.valid">
          <trim prefix="(" prefixOverrides="and" suffix=")">
            <foreach collection="criteria.criteria" item="criterion">
              <choose>
                <when test="criterion.noValue">
                  and ${criterion.condition}
                </when>
                <when test="criterion.singleValue">
                  and ${criterion.condition} #{criterion.value}
                </when>
                <when test="criterion.betweenValue">
                  and ${criterion.condition} #{criterion.value} and #{criterion.secondValue}
                </when>
                <when test="criterion.listValue">
                  and ${criterion.condition}
                  <foreach close=")" collection="criterion.value" item="listItem" open="(" separator=",">
                    #{listItem}
                  </foreach>
                </when>
              </choose>
            </foreach>
          </trim>
        </if>
      </foreach>
    </where>
  </sql>
  <sql id="Base_Column_List">
    ID, TASK_ID, STEP_NAME, STEP_DETAIL, EXECUTION_TIME, STANDBY_ONE, STANDBY_TWO, STANDBY_THREE
  </sql>
  <select id="selectByExample" parameterType="com.soa.bigdataAnalyze.entity.BiStepInfoExample" resultMap="BaseResultMap">
    select
    <if test="distinct">
      distinct
    </if>
    <include refid="Base_Column_List" />
    from BI_STEP_INFO
    <if test="_parameter != null">
      <include refid="Example_Where_Clause" />
    </if>
    <if test="orderByClause != null">
      order by ${orderByClause}
    </if>
  </select>
  <delete id="deleteByExample" parameterType="com.soa.bigdataAnalyze.entity.BiStepInfoExample">
    delete from BI_STEP_INFO
    <if test="_parameter != null">
      <include refid="Example_Where_Clause" />
    </if>
  </delete>
  <insert id="insert" parameterType="com.soa.bigdataAnalyze.entity.BiStepInfo">
    insert into BI_STEP_INFO (ID, TASK_ID, STEP_NAME, 
      STEP_DETAIL, EXECUTION_TIME, STANDBY_ONE, 
      STANDBY_TWO, STANDBY_THREE)
    values (#{id,jdbcType=VARCHAR}, #{taskId,jdbcType=VARCHAR}, #{stepName,jdbcType=VARCHAR}, 
      #{stepDetail,jdbcType=VARCHAR}, #{executionTime,jdbcType=VARCHAR}, #{standbyOne,jdbcType=VARCHAR}, 
      #{standbyTwo,jdbcType=VARCHAR}, #{standbyThree,jdbcType=VARCHAR})
  </insert>
  <insert id="insertSelective" parameterType="com.soa.bigdataAnalyze.entity.BiStepInfo">
    insert into BI_STEP_INFO
    <trim prefix="(" suffix=")" suffixOverrides=",">
      <if test="id != null">
        ID,
      </if>
      <if test="taskId != null">
        TASK_ID,
      </if>
      <if test="stepName != null">
        STEP_NAME,
      </if>
      <if test="stepDetail != null">
        STEP_DETAIL,
      </if>
      <if test="executionTime != null">
        EXECUTION_TIME,
      </if>
      <if test="standbyOne != null">
        STANDBY_ONE,
      </if>
      <if test="standbyTwo != null">
        STANDBY_TWO,
      </if>
      <if test="standbyThree != null">
        STANDBY_THREE,
      </if>
    </trim>
    <trim prefix="values (" suffix=")" suffixOverrides=",">
      <if test="id != null">
        #{id,jdbcType=VARCHAR},
      </if>
      <if test="taskId != null">
        #{taskId,jdbcType=VARCHAR},
      </if>
      <if test="stepName != null">
        #{stepName,jdbcType=VARCHAR},
      </if>
      <if test="stepDetail != null">
        #{stepDetail,jdbcType=VARCHAR},
      </if>
      <if test="executionTime != null">
        #{executionTime,jdbcType=VARCHAR},
      </if>
      <if test="standbyOne != null">
        #{standbyOne,jdbcType=VARCHAR},
      </if>
      <if test="standbyTwo != null">
        #{standbyTwo,jdbcType=VARCHAR},
      </if>
      <if test="standbyThree != null">
        #{standbyThree,jdbcType=VARCHAR},
      </if>
    </trim>
  </insert>
  <select id="countByExample" parameterType="com.soa.bigdataAnalyze.entity.BiStepInfoExample" resultType="java.lang.Long">
    select count(*) from BI_STEP_INFO
    <if test="_parameter != null">
      <include refid="Example_Where_Clause" />
    </if>
  </select>
  <update id="updateByExampleSelective" parameterType="map">
    update BI_STEP_INFO
    <set>
      <if test="record.id != null">
        ID = #{record.id,jdbcType=VARCHAR},
      </if>
      <if test="record.taskId != null">
        TASK_ID = #{record.taskId,jdbcType=VARCHAR},
      </if>
      <if test="record.stepName != null">
        STEP_NAME = #{record.stepName,jdbcType=VARCHAR},
      </if>
      <if test="record.stepDetail != null">
        STEP_DETAIL = #{record.stepDetail,jdbcType=VARCHAR},
      </if>
      <if test="record.executionTime != null">
        EXECUTION_TIME = #{record.executionTime,jdbcType=VARCHAR},
      </if>
      <if test="record.standbyOne != null">
        STANDBY_ONE = #{record.standbyOne,jdbcType=VARCHAR},
      </if>
      <if test="record.standbyTwo != null">
        STANDBY_TWO = #{record.standbyTwo,jdbcType=VARCHAR},
      </if>
      <if test="record.standbyThree != null">
        STANDBY_THREE = #{record.standbyThree,jdbcType=VARCHAR},
      </if>
    </set>
    <if test="_parameter != null">
      <include refid="Update_By_Example_Where_Clause" />
    </if>
  </update>
  <update id="updateByExample" parameterType="map">
    update BI_STEP_INFO
    set ID = #{record.id,jdbcType=VARCHAR},
      TASK_ID = #{record.taskId,jdbcType=VARCHAR},
      STEP_NAME = #{record.stepName,jdbcType=VARCHAR},
      STEP_DETAIL = #{record.stepDetail,jdbcType=VARCHAR},
      EXECUTION_TIME = #{record.executionTime,jdbcType=VARCHAR},
      STANDBY_ONE = #{record.standbyOne,jdbcType=VARCHAR},
      STANDBY_TWO = #{record.standbyTwo,jdbcType=VARCHAR},
      STANDBY_THREE = #{record.standbyThree,jdbcType=VARCHAR}
    <if test="_parameter != null">
      <include refid="Update_By_Example_Where_Clause" />
    </if>
  </update>
  
  <!-- 根据taskId查询所有相关的步骤信息 -->
  <select id="findStepInfosByTaskIds" resultMap="BaseResultMap">
	  <foreach collection="taskIds" open="" separator=" union all " close="" index="index" item="taskId">
	  	select
  			STEP_NAME,EXECUTION_TIME
  		from 
  			BI_STEP_INFO
  		where
  			TASK_ID = #{taskId}
	  </foreach>
  
  </select>
  
   <select id="averageTimeInfo" resultType="java.util.Map">
  
  	select
  		TASK_ID,ROUND(avg(EXECUTION_TIME),2) as AVERAGE
  	from 
  		BI_STEP_INFO
  	where
  		TASK_ID in 
  			<foreach collection="list" open="(" separator="," close=")" index="index" item="taskIds">
  				#{taskIds}
  			</foreach>
  	group by
  		TASK_ID
  
  </select>
  
  <select id="findAllStepInfo" resultMap="BaseResultMap">
  	select
  		*
  	from 
  		BI_STEP_INFO
  	
  </select>
  
  <select id="findById" resultMap="BaseResultMap">
  	select
  		*
  	from 
  		BI_STEP_INFO
  	where
  		TASK_ID = #{taskId}
  </select>
  
  
  
</mapper>