<?xml version="1.0" encoding="UTF-8"?>
<!DOCTYPE mapper PUBLIC "-//mybatis.org//DTD Mapper 3.0//EN" "http://mybatis.org/dtd/mybatis-3-mapper.dtd">
<mapper
	namespace="com.soa.bigdataAnalyze.mapper.BiTaskReporterMapper">
	<resultMap id="BaseResultMap"
		type="com.soa.bigdataAnalyze.entity.BiTaskReporter">
		<id column="ID" jdbcType="VARCHAR" property="id" />
		<result column="TASK_NAME" jdbcType="VARCHAR"
			property="taskName" />
		<result column="TASK_DESC" jdbcType="VARCHAR"
			property="taskDesc" />
		<result column="TASK_TYPE" jdbcType="VARCHAR"
			property="taskType" />
		<result column="START_TIME" jdbcType="DATE"
			property="startTime" />
		<result column="END_TIME" jdbcType="DATE" property="endTime" />
		<result column="WEL_NAME" jdbcType="VARCHAR" property="welName" />
		<result column="WEL_ID" jdbcType="VARCHAR" property="welId" />
		<result column="TASK_STATE" jdbcType="VARCHAR"
			property="taskState" />
		<result column="TASK_STORE" jdbcType="VARCHAR"
			property="taskStore" />
		<result column="STANDBY_ONE" jdbcType="VARCHAR"
			property="standbyOne" />
		<result column="STANDBY_TWO" jdbcType="VARCHAR"
			property="standbyTwo" />
		<result column="STANDBY_THREE" jdbcType="VARCHAR"
			property="standbyThree" />
	</resultMap>
	<sql id="Example_Where_Clause">
		<where>
			<foreach collection="oredCriteria" item="criteria"
				separator="or">
				<if test="criteria.valid">
					<trim prefix="(" prefixOverrides="and" suffix=")">
						<foreach collection="criteria.criteria" item="criterion">
							<choose>
								<when test="criterion.noValue">
									and ${criterion.condition}
								</when>
								<when test="criterion.singleValue">
									and ${criterion.condition} #{criterion.value}
								</when>
								<when test="criterion.betweenValue">
									and ${criterion.condition} #{criterion.value}
									and
									#{criterion.secondValue}
								</when>
								<when test="criterion.listValue">
									and ${criterion.condition}
									<foreach close=")" collection="criterion.value"
										item="listItem" open="(" separator=",">
										#{listItem}
									</foreach>
								</when>
							</choose>
						</foreach>
					</trim>
				</if>
			</foreach>
		</where>
	</sql>
	<sql id="Update_By_Example_Where_Clause">
		<where>
			<foreach collection="example.oredCriteria" item="criteria"
				separator="or">
				<if test="criteria.valid">
					<trim prefix="(" prefixOverrides="and" suffix=")">
						<foreach collection="criteria.criteria" item="criterion">
							<choose>
								<when test="criterion.noValue">
									and ${criterion.condition}
								</when>
								<when test="criterion.singleValue">
									and ${criterion.condition} #{criterion.value}
								</when>
								<when test="criterion.betweenValue">
									and ${criterion.condition} #{criterion.value}
									and
									#{criterion.secondValue}
								</when>
								<when test="criterion.listValue">
									and ${criterion.condition}
									<foreach close=")" collection="criterion.value"
										item="listItem" open="(" separator=",">
										#{listItem}
									</foreach>
								</when>
							</choose>
						</foreach>
					</trim>
				</if>
			</foreach>
		</where>
	</sql>
	<sql id="Base_Column_List">
		ID, TASK_NAME, TASK_DESC, TASK_TYPE, START_TIME, END_TIME,
		WEL_NAME,
		WEL_ID, TASK_STATE,
		TASK_STORE, STANDBY_ONE, STANDBY_TWO,
		STANDBY_THREE
	</sql>
	<select id="selectByExample"
		parameterType="com.soa.bigdataAnalyze.entity.BiTaskReporterExample"
		resultMap="BaseResultMap">
		select
		<if test="distinct">
			distinct
		</if>
		<include refid="Base_Column_List" />
		from BI_TASK_REPORTER
		<if test="_parameter != null">
			<include refid="Example_Where_Clause" />
		</if>
		<if test="orderByClause != null">
			order by ${orderByClause}
		</if>
	</select>
	<select id="selectByPrimaryKey" parameterType="java.lang.String"
		resultMap="BaseResultMap">
		select
		<include refid="Base_Column_List" />
		from BI_TASK_REPORTER
		where ID = #{id,jdbcType=VARCHAR}
	</select>
	<delete id="deleteByPrimaryKey" parameterType="java.lang.String">
		delete from
		BI_TASK_REPORTER
		where ID = #{id,jdbcType=VARCHAR}
	</delete>
	<delete id="deleteByExample"
		parameterType="com.soa.bigdataAnalyze.entity.BiTaskReporterExample">
		delete from BI_TASK_REPORTER
		<if test="_parameter != null">
			<include refid="Example_Where_Clause" />
		</if>
	</delete>
	<insert id="insert"
		parameterType="com.soa.bigdataAnalyze.entity.BiTaskReporter">
		insert into BI_TASK_REPORTER (ID, TASK_NAME, TASK_DESC,
		TASK_TYPE, START_TIME, END_TIME,
		WEL_NAME, WEL_ID, TASK_STATE,
		TASK_STORE, STANDBY_ONE, STANDBY_TWO,
		STANDBY_THREE)
		values
		(#{id,jdbcType=VARCHAR}, #{taskName,jdbcType=VARCHAR},
		#{taskDesc,jdbcType=VARCHAR},
		#{taskType,jdbcType=VARCHAR},
		#{startTime,jdbcType=DATE}, #{endTime,jdbcType=DATE},
		#{welName,jdbcType=VARCHAR}, #{welId,jdbcType=VARCHAR},
		#{taskState,jdbcType=VARCHAR},
		#{taskStore,jdbcType=VARCHAR},
		#{standbyOne,jdbcType=VARCHAR}, #{standbyTwo,jdbcType=VARCHAR},
		#{standbyThree,jdbcType=VARCHAR})
	</insert>
	<insert id="insertSelective"
		parameterType="com.soa.bigdataAnalyze.entity.BiTaskReporter">
		insert into BI_TASK_REPORTER
		<trim prefix="(" suffix=")" suffixOverrides=",">
			<if test="id != null">
				ID,
			</if>
			<if test="taskName != null">
				TASK_NAME,
			</if>
			<if test="taskDesc != null">
				TASK_DESC,
			</if>
			<if test="taskType != null">
				TASK_TYPE,
			</if>
			<if test="startTime != null">
				START_TIME,
			</if>
			<if test="endTime != null">
				END_TIME,
			</if>
			<if test="welName != null">
				WEL_NAME,
			</if>
			<if test="welId != null">
				WEL_ID,
			</if>
			<if test="taskState != null">
				TASK_STATE,
			</if>
			<if test="taskStore != null">
				TASK_STORE,
			</if>
			<if test="standbyOne != null">
				STANDBY_ONE,
			</if>
			<if test="standbyTwo != null">
				STANDBY_TWO,
			</if>
			<if test="standbyThree != null">
				STANDBY_THREE,
			</if>
		</trim>
		<trim prefix="values (" suffix=")" suffixOverrides=",">
			<if test="id != null">
				#{id,jdbcType=VARCHAR},
			</if>
			<if test="taskName != null">
				#{taskName,jdbcType=VARCHAR},
			</if>
			<if test="taskDesc != null">
				#{taskDesc,jdbcType=VARCHAR},
			</if>
			<if test="taskType != null">
				#{taskType,jdbcType=VARCHAR},
			</if>
			<if test="startTime != null">
				#{startTime,jdbcType=DATE},
			</if>
			<if test="endTime != null">
				#{endTime,jdbcType=DATE},
			</if>
			<if test="welName != null">
				#{welName,jdbcType=VARCHAR},
			</if>
			<if test="welId != null">
				#{welId,jdbcType=VARCHAR},
			</if>
			<if test="taskState != null">
				#{taskState,jdbcType=VARCHAR},
			</if>
			<if test="taskStore != null">
				#{taskStore,jdbcType=VARCHAR},
			</if>
			<if test="standbyOne != null">
				#{standbyOne,jdbcType=VARCHAR},
			</if>
			<if test="standbyTwo != null">
				#{standbyTwo,jdbcType=VARCHAR},
			</if>
			<if test="standbyThree != null">
				#{standbyThree,jdbcType=VARCHAR},
			</if>
		</trim>
	</insert>
	<select id="countByExample"
		parameterType="com.soa.bigdataAnalyze.entity.BiTaskReporterExample"
		resultType="java.lang.Long">
		select count(*) from BI_TASK_REPORTER
		<if test="_parameter != null">
			<include refid="Example_Where_Clause" />
		</if>
	</select>
	<update id="updateByExampleSelective" parameterType="map">
		update BI_TASK_REPORTER
		<set>
			<if test="record.id != null">
				ID = #{record.id,jdbcType=VARCHAR},
			</if>
			<if test="record.taskName != null">
				TASK_NAME = #{record.taskName,jdbcType=VARCHAR},
			</if>
			<if test="record.taskDesc != null">
				TASK_DESC = #{record.taskDesc,jdbcType=VARCHAR},
			</if>
			<if test="record.taskType != null">
				TASK_TYPE = #{record.taskType,jdbcType=VARCHAR},
			</if>
			<if test="record.startTime != null">
				START_TIME = #{record.startTime,jdbcType=DATE},
			</if>
			<if test="record.endTime != null">
				END_TIME = #{record.endTime,jdbcType=DATE},
			</if>
			<if test="record.welName != null">
				WEL_NAME = #{record.welName,jdbcType=VARCHAR},
			</if>
			<if test="record.welId != null">
				WEL_ID = #{record.welId,jdbcType=VARCHAR},
			</if>
			<if test="record.taskState != null">
				TASK_STATE = #{record.taskState,jdbcType=VARCHAR},
			</if>
			<if test="record.taskStore != null">
				TASK_STORE = #{record.taskStore,jdbcType=VARCHAR},
			</if>
			<if test="record.standbyOne != null">
				STANDBY_ONE = #{record.standbyOne,jdbcType=VARCHAR},
			</if>
			<if test="record.standbyTwo != null">
				STANDBY_TWO = #{record.standbyTwo,jdbcType=VARCHAR},
			</if>
			<if test="record.standbyThree != null">
				STANDBY_THREE = #{record.standbyThree,jdbcType=VARCHAR},
			</if>
		</set>
		<if test="_parameter != null">
			<include refid="Update_By_Example_Where_Clause" />
		</if>
	</update>
	<update id="updateByExample" parameterType="map">
		update BI_TASK_REPORTER
		set ID = #{record.id,jdbcType=VARCHAR},
		TASK_NAME = #{record.taskName,jdbcType=VARCHAR},
		TASK_DESC =
		#{record.taskDesc,jdbcType=VARCHAR},
		TASK_TYPE =
		#{record.taskType,jdbcType=VARCHAR},
		START_TIME =
		#{record.startTime,jdbcType=DATE},
		END_TIME =
		#{record.endTime,jdbcType=DATE},
		WEL_NAME =
		#{record.welName,jdbcType=VARCHAR},
		WEL_ID =
		#{record.welId,jdbcType=VARCHAR},
		TASK_STATE =
		#{record.taskState,jdbcType=VARCHAR},
		TASK_STORE =
		#{record.taskStore,jdbcType=VARCHAR},
		STANDBY_ONE =
		#{record.standbyOne,jdbcType=VARCHAR},
		STANDBY_TWO =
		#{record.standbyTwo,jdbcType=VARCHAR},
		STANDBY_THREE =
		#{record.standbyThree,jdbcType=VARCHAR}
		<if test="_parameter != null">
			<include refid="Update_By_Example_Where_Clause" />
		</if>
	</update>
	<update id="updateByPrimaryKeySelective"
		parameterType="com.soa.bigdataAnalyze.entity.BiTaskReporter">
		update BI_TASK_REPORTER
		<set>
			<if test="taskName != null">
				TASK_NAME = #{taskName,jdbcType=VARCHAR},
			</if>
			<if test="taskDesc != null">
				TASK_DESC = #{taskDesc,jdbcType=VARCHAR},
			</if>
			<if test="taskType != null">
				TASK_TYPE = #{taskType,jdbcType=VARCHAR},
			</if>
			<if test="startTime != null">
				START_TIME = #{startTime,jdbcType=DATE},
			</if>
			<if test="endTime != null">
				END_TIME = #{endTime,jdbcType=DATE},
			</if>
			<if test="welName != null">
				WEL_NAME = #{welName,jdbcType=VARCHAR},
			</if>
			<if test="welId != null">
				WEL_ID = #{welId,jdbcType=VARCHAR},
			</if>
			<if test="taskState != null">
				TASK_STATE = #{taskState,jdbcType=VARCHAR},
			</if>
			<if test="taskStore != null">
				TASK_STORE = #{taskStore,jdbcType=VARCHAR},
			</if>
			<if test="standbyOne != null">
				STANDBY_ONE = #{standbyOne,jdbcType=VARCHAR},
			</if>
			<if test="standbyTwo != null">
				STANDBY_TWO = #{standbyTwo,jdbcType=VARCHAR},
			</if>
			<if test="standbyThree != null">
				STANDBY_THREE = #{standbyThree,jdbcType=VARCHAR},
			</if>
		</set>
		where ID = #{id,jdbcType=VARCHAR}
	</update>
	<update id="updateByPrimaryKey"
		parameterType="com.soa.bigdataAnalyze.entity.BiTaskReporter">
		update BI_TASK_REPORTER
		set TASK_NAME =
		#{taskName,jdbcType=VARCHAR},
		TASK_DESC = #{taskDesc,jdbcType=VARCHAR},
		TASK_TYPE = #{taskType,jdbcType=VARCHAR},
		START_TIME =
		#{startTime,jdbcType=DATE},
		END_TIME = #{endTime,jdbcType=DATE},
		WEL_NAME = #{welName,jdbcType=VARCHAR},
		WEL_ID =
		#{welId,jdbcType=VARCHAR},
		TASK_STATE = #{taskState,jdbcType=VARCHAR},
		TASK_STORE = #{taskStore,jdbcType=VARCHAR},
		STANDBY_ONE =
		#{standbyOne,jdbcType=VARCHAR},
		STANDBY_TWO =
		#{standbyTwo,jdbcType=VARCHAR},
		STANDBY_THREE =
		#{standbyThree,jdbcType=VARCHAR}
		where ID = #{id,jdbcType=VARCHAR}
	</update>


	<!-- 根据日期和井站Id获取对应的各个任务类型的任务数量 -->
	<select id="getCountOfTaskTypeByDateAndWelId"
		parameterType="com.soa.bigdataAnalyze.entity.QueryCondition"
		resultType="java.util.Map">
		SELECT
		COUNT(1) AS NUM,
		CASE TASK_TYPE
		WHEN '1' THEN '巡回检查'
		WHEN '2' THEN '维护保养'
		WHEN '3' THEN '动态分析'
		WHEN '4' THEN '临时任务'
		WHEN '5'
		THEN '属地监督'
		ELSE ''
		END
		AS TASKTYPE
		FROM
		(
		SELECT
		TASK_TYPE
		FROM
		BI_TASK_REPORTER
		WHERE
		WEL_ID = #{welId}
		AND
		TO_CHAR(START_TIME,'yyyy-mm-dd') &gt;= #{beginDate}
		AND
		TO_CHAR(START_TIME,'yyyy-mm-dd') &lt;= #{endDate}
		)
		GROUP BY
		TASK_TYPE
	</select>

	<!-- 根据日期和井站Id获取对应的各个状态类型的任务数量 -->
	<select id="getCountOfTaskStateByDateAndWelId"
		parameterType="com.soa.bigdataAnalyze.entity.QueryCondition"
		resultType="java.util.Map">
		SELECT
		COUNT(1) AS NUM,
		CASE TASK_STATE
		WHEN '1' THEN '已完成'
		WHEN '2' THEN '未完成'
		WHEN '3' THEN '超期完成'
		WHEN '4' THEN '即将超期'
		WHEN '5'
		THEN '超期未完成'
		ELSE ''
		END
		AS TASKSTATE
		FROM
		(
		SELECT
		TASK_STATE
		FROM
		BI_TASK_REPORTER
		WHERE
		WEL_ID = #{welId}
		AND
		TO_CHAR(START_TIME,'yyyy-mm-dd') &gt;= #{beginDate}
		AND
		TO_CHAR(START_TIME,'yyyy-mm-dd') &lt;= #{endDate}
		)
		GROUP BY
		TASK_STATE
	</select>

	<!-- 根据日期和井站Id及任务类型获取对应的各个状态类型的任务数量 -->
	<select id="getCountOfTaskStateByDateAndWelIdAndTaskType"
		parameterType="com.soa.bigdataAnalyze.entity.QueryCondition"
		resultType="java.util.Map">
		SELECT
		COUNT(1) AS NUM,
		CASE TASK_STATE
		WHEN '1' THEN '已完成'
		WHEN '2' THEN '未完成'
		WHEN '3' THEN '超期完成'
		WHEN '4' THEN '即将超期'
		WHEN '5'
		THEN '超期未完成'
		ELSE ''
		END
		AS TASKSTATE
		FROM
		(
		SELECT
		TASK_STATE
		FROM
		BI_TASK_REPORTER
		WHERE
		WEL_ID = #{welId}
		AND
		TASK_TYPE = #{taskType}
		AND
		TO_CHAR(START_TIME,'yyyy-mm-dd') &gt;= #{beginDate}
		AND
		TO_CHAR(START_TIME,'yyyy-mm-dd') &lt;= #{endDate}
		)
		GROUP BY
		TASK_STATE
	</select>

	<!-- 查询各个任务的平均得分 -->
	<select id="getScoreOfTaskType"
		parameterType="com.soa.bigdataAnalyze.entity.QueryCondition"
		resultType="java.util.Map">

		WITH
		SUBQUERY
		AS
		(
		SELECT
		TASK_TYPE,TASK_SCORE,TASK_STATE
		FROM
		BI_TASK_REPORTER
		WHERE
		WEL_ID = #{welId}
		AND
		TO_CHAR(START_TIME,'yyyy-mm-dd') &gt;= #{beginDate}
		AND
		TO_CHAR(START_TIME,'yyyy-mm-dd') &lt;= #{endDate}
		)
		SELECT
		CASE TASK_TYPE
		WHEN '1' THEN '巡回检查'
		WHEN '2' THEN '维护保养'
		WHEN '3' THEN '动态分析'
		WHEN '4'
		THEN '临时任务'
		WHEN '5' THEN '属地监督'
		ELSE ''
		END
		AS TASKTYPE,
		ROUND(SUM(TASK_SCORE)/COUNT(1)*(SELECT COUNT(1) FROM SUBQUERY WHERE
		TASK_STATE IN('1','3'))/(SELECT COUNT(1)
		FROM SUBQUERY),2)||'' AS SCORE
		FROM
		SUBQUERY
		GROUP BY
		TASK_TYPE
		ORDER BY
		TASK_TYPE
	</select>

	<!-- 按周统计，查询各个任务的完成率 -->
	<select id="getFinishRateByWeek"
		parameterType="com.soa.bigdataAnalyze.entity.QueryCondition"
		resultType="java.util.Map">
		WITH
		SUBQUERY
		AS
		(SELECT TO_CHAR(START_TIME,'YYYY') || '年第' ||
		TO_CHAR(START_TIME,'IW') || '周'
		AS STATISTICSTYPE, TASK_STATE,TASK_TYPE
		FROM BI_TASK_REPORTER WHERE
		WEL_ID = #{welId})
		SELECT
		STATISTICSTYPE,ROUND((SELECT COUNT(1) FROM SUBQUERY WHERE TASK_STATE
		IN('1','3'))/(SELECT COUNT(1)
		FROM SUBQUERY)*100,2) AS
		FINISHRATE,TASK_TYPE
		FROM
		SUBQUERY
		GROUP BY
		STATISTICSTYPE,TASK_TYPE
		ORDER
		BY
		TASK_TYPE

	</select>

	<!-- 按季度统计，查询各个任务的完成率 -->
	<select id="getFinishRateByMonth"
		parameterType="com.soa.bigdataAnalyze.entity.QueryCondition"
		resultType="java.util.Map">
		WITH
		SUBQUERY
		AS
		(SELECT TO_CHAR(START_TIME,'YYYY-MM') AS
		STATISTICSTYPE, TASK_STATE,TASK_TYPE
		FROM BI_TASK_REPORTER WHERE WEL_ID
		= #{welId})

		SELECT
		STATISTICSTYPE,ROUND((SELECT COUNT(1) FROM SUBQUERY
		WHERE TASK_STATE IN('1','3'))/(SELECT COUNT(1)
		FROM SUBQUERY)*100,2) AS
		FINISHRATE,TASK_TYPE
		FROM
		SUBQUERY
		GROUP BY
		STATISTICSTYPE,TASK_TYPE
		ORDER
		BY
		TASK_TYPE
	</select>

	<!-- 按季度统计，查询各个任务的完成率 -->
	<select id="getFinishRateByQuarter"
		parameterType="com.soa.bigdataAnalyze.entity.QueryCondition"
		resultType="java.util.Map">
		WITH
		SUBQUERY
		AS
		(SELECT TO_CHAR(START_TIME,'yyyy') || '年第' ||
		TO_CHAR(START_TIME,'Q') || '季度'
		AS STATISTICSTYPE, TASK_STATE,TASK_TYPE
		FROM BI_TASK_REPORTER WHERE
		WEL_ID = #{welId})
		SELECT
		STATISTICSTYPE,ROUND((SELECT COUNT(1) FROM SUBQUERY WHERE TASK_STATE
		IN('1','3'))/(SELECT COUNT(1)
		FROM SUBQUERY)*100,2) AS
		FINISHRATE,TASK_TYPE
		FROM
		SUBQUERY
		GROUP BY
		STATISTICSTYPE,TASK_TYPE
		ORDER
		BY
		TASK_TYPE

	</select>

	<!-- 按半年统计，查询各个任务的完成率 -->
	<select id="getFinishRateByHalfYear"
		parameterType="com.soa.bigdataAnalyze.entity.QueryCondition"
		resultType="java.util.Map">
		WITH
		SUBQUERY
		AS
		(SELECT
		CASE
		WHEN TO_CHAR(START_TIME,'MM')
		&lt;=6 THEN TO_CHAR(START_TIME,'YYYY') ||
		'上半年'
		WHEN
		TO_CHAR(START_TIME,'MM') &gt;6 THEN TO_CHAR(START_TIME,'YYYY') ||
		'下半年'
		ELSE ''
		END
		AS STATISTICSTYPE,
		TASK_TYPE,TASK_STATE
		FROM
		BI_TASK_REPORTER
		WHERE
		WEL_ID = #{welId}
		)
		SELECT
		STATISTICSTYPE,ROUND((SELECT COUNT(1) FROM SUBQUERY WHERE TASK_STATE
		IN('1','3'))/(SELECT COUNT(1)
		FROM SUBQUERY)*100,2) AS
		FINISHRATE,TASK_TYPE
		FROM
		SUBQUERY
		GROUP BY
		STATISTICSTYPE,TASK_TYPE
		ORDER
		BY
		TASK_TYPE
	</select>

	<!-- 按年统计，查询各个任务的完成率 -->
	<select id="getFinishRateByYear"
		parameterType="com.soa.bigdataAnalyze.entity.QueryCondition"
		resultType="java.util.Map">
		WITH
		SUBQUERY
		AS
		(SELECT TO_CHAR(START_TIME,'yyyy') AS
		STATISTICSTYPE, TASK_STATE,TASK_TYPE
		FROM BI_TASK_REPORTER WHERE WEL_ID
		= #{welId})

		SELECT
		STATISTICSTYPE,ROUND((SELECT COUNT(1) FROM SUBQUERY
		WHERE TASK_STATE IN('1','3'))/(SELECT COUNT(1)
		FROM SUBQUERY)*100,2) AS
		FINISHRATE,TASK_TYPE
		FROM
		SUBQUERY
		GROUP BY
		STATISTICSTYPE,TASK_TYPE
		ORDER
		BY
		TASK_TYPE
	</select>

	<!-- 根据日期过滤查出数据 -->
	<select id="findByDate"
		parameterType="com.soa.bigdataAnalyze.entity.QueryCondition"
		resultMap="BaseResultMap">
		SELECT
		WEL_NAME,TASK_TYPE
		FROM
		BI_TASK_REPORTER
		WHERE
		TO_CHAR(START_TIME,'YYYY-MM-DD') &gt;= #{beginDate}
		AND
		TO_CHAR(START_TIME,'YYYY-MM-DD') &lt;= #{endDate}
	</select>


	<select id="findCountOfWelsByType"
		parameterType="com.soa.bigdataAnalyze.entity.QueryCondition"
		resultType="java.util.Map">
		WITH
		SUBQUERY
		AS
		(SELECT
		WEL_NAME,TASK_TYPE
		FROM
		BI_TASK_REPORTER
		WHERE
		TO_CHAR(START_TIME,'YYYY-MM-DD') &gt;=
		#{beginDate}
		AND
		TO_CHAR(START_TIME,'YYYY-MM-DD') &lt;= #{endDate})
		SELECT
		WEL_NAME,TASK_TYPE,COUNT(1) as NUM
		FROM
		SUBQUERY
		GROUP BY
		WEL_NAME,TASK_TYPE
	</select>


	<select id="findAllWelFinishRateByType"
		parameterType="com.soa.bigdataAnalyze.entity.QueryCondition"
		resultType="java.util.Map">
		WITH
		SUBQUERY
		AS
		(SELECT
		WEL_NAME,TASK_TYPE,TASK_STATE
		FROM
		BI_TASK_REPORTER
		WHERE
		TO_CHAR(START_TIME,'YYYY-MM-DD') &gt;=
		#{beginDate}
		AND
		TO_CHAR(START_TIME,'YYYY-MM-DD') &lt;= #{endDate}
		)
		SELECT T1.WEL_NAME,T2.TASK_TYPE,ROUND(FINISH_NUM/TOTAL_NUM,2) AS
		FINISHRATE
		FROM
		(SELECT WEL_NAME,TASK_TYPE,COUNT(1) AS TOTAL_NUM FROM
		SUBQUERY GROUP BY
		WEL_NAME,TASK_TYPE) T1,
		(SELECT
		WEL_NAME,TASK_TYPE,COUNT(1)AS FINISH_NUM FROM SUBQUERY WHERE
		TASK_STATE
		IN('1','3') GROUP BY WEL_NAME,TASK_TYPE) T2 WHERE
		T2.WEL_NAME = T1.WEL_NAME AND T1.TASK_TYPE = T2.TASK_TYPE

	</select>


	<!-- 查询所有井站各种任务的平均得分 -->
	<select id="findTaskScoreOfWels"
		parameterType="com.soa.bigdataAnalyze.entity.QueryCondition"
		resultType="java.util.Map">

		WITH
		SUBQUERY
		AS
		(SELECT WEL_NAME,TASK_TYPE,TASK_SCORE
		FROM
		BI_TASK_REPORTER
		WHERE
		TO_CHAR(START_TIME,'YYYY-MM-DD')
		&gt;=#{beginDate} AND
		TO_CHAR(START_TIME,'YYYY-MM-DD') &lt;=
		#{endDate})
		SELECT
		WEL_NAME,TASK_TYPE,ROUND(SUM(TASK_SCORE)/COUNT(1),2)
		AS
		TASK_SCORE
		FROM
		SUBQUERY
		GROUP BY WEL_NAME,TASK_TYPE
	</select>


	<!-- 查询所有井站的综合得分 -->
	<select id="findTaskScore"
		parameterType="com.soa.bigdataAnalyze.entity.QueryCondition"
		resultType="java.util.Map">
		WITH
		SUBQUERY
		AS
		(SELECT WEL_NAME,TASK_SCORE
		FROM
		BI_TASK_REPORTER
		WHERE
		TO_CHAR(START_TIME,'YYYY-MM-DD')
		&gt;=#{beginDate} AND
		TO_CHAR(START_TIME,'YYYY-MM-DD') &lt;=
		#{endDate})
		SELECT
		WEL_NAME,ROUND(SUM(TASK_SCORE)/COUNT(1),2)
		AS
		TASK_SCORE
		FROM
		SUBQUERY
		GROUP BY WEL_NAME
	</select>

	<!-- 查询所有井站每月份的综合得分 -->
	<select id="findTaskScoreOfMonth"
		parameterType="com.soa.bigdataAnalyze.entity.QueryCondition"
		resultType="java.util.Map">
		WITH
		SUBQUERY
		AS
		(SELECT WEL_NAME,TO_CHAR(START_TIME,'MM') AS START_TIME
		,TASK_SCORE
		FROM
		BI_TASK_REPORTER
		<where>
			<if test="beginDate != null">
				TO_CHAR(START_TIME,'YYYY-MM-DD') &gt;= #{beginDate}
			</if>
			<if test="endDate != null">
				AND TO_CHAR(START_TIME,'YYYY-MM-DD') &lt;= #{endDate}
			</if>
		</where>
		)
		SELECT
		WEL_NAME,START_TIME,ROUND(SUM(TASK_SCORE)/COUNT(1),2)
		AS
		TASK_SCORE
		FROM
		SUBQUERY
		GROUP BY WEL_NAME,START_TIME
	</select>

</mapper>







