<?xml version="1.0" encoding="UTF-8"?>
<!DOCTYPE mapper PUBLIC "-//mybatis.org//DTD Mapper 3.0//EN" "http://mybatis.org/dtd/mybatis-3-mapper.dtd">
<mapper namespace="com.soa.bigdataAnalyze.mapper.BiTaskRecordMapper">
  <resultMap id="BaseResultMap" type="com.soa.bigdataAnalyze.entity.BiTaskRecord">
    <id column="TASK_ID" jdbcType="VARCHAR" property="taskId" />
    <result column="RECORD_DAY" jdbcType="DATE" property="recordDay" />
    <result column="WEL_STATION" jdbcType="VARCHAR" property="welStation" />
    <result column="WEL_STATION_ID" jdbcType="VARCHAR" property="welStationId" />
    <result column="TASK_TYPE" jdbcType="VARCHAR" property="taskType" />
    <result column="STEP_COUNT" jdbcType="VARCHAR" property="stepCount" />
    <result column="KEY_STEP" jdbcType="VARCHAR" property="keyStep" />
    <result column="PICTURE_COUNT" jdbcType="VARCHAR" property="pictureCount" />
    <result column="DATA_COUNT" jdbcType="VARCHAR" property="dataCount" />
    <result column="RFID_COUNT" jdbcType="VARCHAR" property="rfidCount" />
    <result column="DESC_COUNT" jdbcType="VARCHAR" property="descCount" />
    <result column="PROBLEM_COUNT" jdbcType="VARCHAR" property="problemCount" />
    <result column="AVERAGE_TIME" jdbcType="VARCHAR" property="averageTime" />
    <result column="EXCUTE_TIME" jdbcType="VARCHAR" property="excuteTime" />
    <result column="STANDBY_ONE" jdbcType="VARCHAR" property="standbyOne" />
    <result column="STANDBY_TWO" jdbcType="VARCHAR" property="standbyTwo" />
    <result column="STANDBY_THREE" jdbcType="VARCHAR" property="standbyThree" />
  </resultMap>
  <sql id="Example_Where_Clause">
    <where>
      <foreach collection="oredCriteria" item="criteria" separator="or">
        <if test="criteria.valid">
          <trim prefix="(" prefixOverrides="and" suffix=")">
            <foreach collection="criteria.criteria" item="criterion">
              <choose>
                <when test="criterion.noValue">
                  and ${criterion.condition}
                </when>
                <when test="criterion.singleValue">
                  and ${criterion.condition} #{criterion.value}
                </when>
                <when test="criterion.betweenValue">
                  and ${criterion.condition} #{criterion.value} and #{criterion.secondValue}
                </when>
                <when test="criterion.listValue">
                  and ${criterion.condition}
                  <foreach close=")" collection="criterion.value" item="listItem" open="(" separator=",">
                    #{listItem}
                  </foreach>
                </when>
              </choose>
            </foreach>
          </trim>
        </if>
      </foreach>
    </where>
  </sql>
  <sql id="Update_By_Example_Where_Clause">
    <where>
      <foreach collection="example.oredCriteria" item="criteria" separator="or">
        <if test="criteria.valid">
          <trim prefix="(" prefixOverrides="and" suffix=")">
            <foreach collection="criteria.criteria" item="criterion">
              <choose>
                <when test="criterion.noValue">
                  and ${criterion.condition}
                </when>
                <when test="criterion.singleValue">
                  and ${criterion.condition} #{criterion.value}
                </when>
                <when test="criterion.betweenValue">
                  and ${criterion.condition} #{criterion.value} and #{criterion.secondValue}
                </when>
                <when test="criterion.listValue">
                  and ${criterion.condition}
                  <foreach close=")" collection="criterion.value" item="listItem" open="(" separator=",">
                    #{listItem}
                  </foreach>
                </when>
              </choose>
            </foreach>
          </trim>
        </if>
      </foreach>
    </where>
  </sql>
  <sql id="Base_Column_List">
    TASK_ID, RECORD_DAY, WEL_STATION, WEL_STATION_ID, TASK_TYPE, STEP_COUNT, KEY_STEP, 
    PICTURE_COUNT, DATA_COUNT, RFID_COUNT, DESC_COUNT, PROBLEM_COUNT, STANDBY_ONE, STANDBY_TWO, 
    STANDBY_THREE
  </sql>
  <select id="selectByExample" parameterType="com.soa.bigdataAnalyze.entity.BiTaskRecordExample" resultMap="BaseResultMap">
    select
    <if test="distinct">
      distinct
    </if>
    <include refid="Base_Column_List" />
    from BI_TASK_RECORD
    <if test="_parameter != null">
      <include refid="Example_Where_Clause" />
    </if>
    <if test="orderByClause != null">
      order by ${orderByClause}
    </if>
  </select>
  <select id="selectByPrimaryKey" parameterType="java.lang.String" resultMap="BaseResultMap">
    select 
    <include refid="Base_Column_List" />
    from BI_TASK_RECORD
    where TASK_ID = #{taskId,jdbcType=VARCHAR}
  </select>
  <delete id="deleteByPrimaryKey" parameterType="java.lang.String">
    delete from BI_TASK_RECORD
    where TASK_ID = #{taskId,jdbcType=VARCHAR}
  </delete>
  <delete id="deleteByExample" parameterType="com.soa.bigdataAnalyze.entity.BiTaskRecordExample">
    delete from BI_TASK_RECORD
    <if test="_parameter != null">
      <include refid="Example_Where_Clause" />
    </if>
  </delete>
  <insert id="insert" parameterType="com.soa.bigdataAnalyze.entity.BiTaskRecord">
    insert into BI_TASK_RECORD (TASK_ID, RECORD_DAY, WEL_STATION, 
      WEL_STATION_ID, TASK_TYPE, STEP_COUNT, 
      KEY_STEP, PICTURE_COUNT, DATA_COUNT, 
      RFID_COUNT, DESC_COUNT, PROBLEM_COUNT, 
      STANDBY_ONE, STANDBY_TWO, STANDBY_THREE
      )
    values (#{taskId,jdbcType=VARCHAR}, #{recordDay,jdbcType=DATE}, #{welStation,jdbcType=VARCHAR}, 
      #{welStationId,jdbcType=VARCHAR}, #{taskType,jdbcType=VARCHAR}, #{stepCount,jdbcType=VARCHAR}, 
      #{keyStep,jdbcType=VARCHAR}, #{pictureCount,jdbcType=VARCHAR}, #{dataCount,jdbcType=VARCHAR}, 
      #{rfidCount,jdbcType=VARCHAR}, #{descCount,jdbcType=VARCHAR}, #{problemCount,jdbcType=VARCHAR}, 
      #{standbyOne,jdbcType=VARCHAR}, #{standbyTwo,jdbcType=VARCHAR}, #{standbyThree,jdbcType=VARCHAR}
      )
  </insert>
  <insert id="insertSelective" parameterType="com.soa.bigdataAnalyze.entity.BiTaskRecord">
    insert into BI_TASK_RECORD
    <trim prefix="(" suffix=")" suffixOverrides=",">
      <if test="taskId != null">
        TASK_ID,
      </if>
      <if test="recordDay != null">
        RECORD_DAY,
      </if>
      <if test="welStation != null">
        WEL_STATION,
      </if>
      <if test="welStationId != null">
        WEL_STATION_ID,
      </if>
      <if test="taskType != null">
        TASK_TYPE,
      </if>
      <if test="stepCount != null">
        STEP_COUNT,
      </if>
      <if test="keyStep != null">
        KEY_STEP,
      </if>
      <if test="pictureCount != null">
        PICTURE_COUNT,
      </if>
      <if test="dataCount != null">
        DATA_COUNT,
      </if>
      <if test="rfidCount != null">
        RFID_COUNT,
      </if>
      <if test="descCount != null">
        DESC_COUNT,
      </if>
      <if test="problemCount != null">
        PROBLEM_COUNT,
      </if>
      <if test="standbyOne != null">
        STANDBY_ONE,
      </if>
      <if test="standbyTwo != null">
        STANDBY_TWO,
      </if>
      <if test="standbyThree != null">
        STANDBY_THREE,
      </if>
    </trim>
    <trim prefix="values (" suffix=")" suffixOverrides=",">
      <if test="taskId != null">
        #{taskId,jdbcType=VARCHAR},
      </if>
      <if test="recordDay != null">
        #{recordDay,jdbcType=DATE},
      </if>
      <if test="welStation != null">
        #{welStation,jdbcType=VARCHAR},
      </if>
      <if test="welStationId != null">
        #{welStationId,jdbcType=VARCHAR},
      </if>
      <if test="taskType != null">
        #{taskType,jdbcType=VARCHAR},
      </if>
      <if test="stepCount != null">
        #{stepCount,jdbcType=VARCHAR},
      </if>
      <if test="keyStep != null">
        #{keyStep,jdbcType=VARCHAR},
      </if>
      <if test="pictureCount != null">
        #{pictureCount,jdbcType=VARCHAR},
      </if>
      <if test="dataCount != null">
        #{dataCount,jdbcType=VARCHAR},
      </if>
      <if test="rfidCount != null">
        #{rfidCount,jdbcType=VARCHAR},
      </if>
      <if test="descCount != null">
        #{descCount,jdbcType=VARCHAR},
      </if>
      <if test="problemCount != null">
        #{problemCount,jdbcType=VARCHAR},
      </if>
      <if test="standbyOne != null">
        #{standbyOne,jdbcType=VARCHAR},
      </if>
      <if test="standbyTwo != null">
        #{standbyTwo,jdbcType=VARCHAR},
      </if>
      <if test="standbyThree != null">
        #{standbyThree,jdbcType=VARCHAR},
      </if>
    </trim>
  </insert>
  <select id="countByExample" parameterType="com.soa.bigdataAnalyze.entity.BiTaskRecordExample" resultType="java.lang.Long">
    select count(*) from BI_TASK_RECORD
    <if test="_parameter != null">
      <include refid="Example_Where_Clause" />
    </if>
  </select>
  <update id="updateByExampleSelective" parameterType="map">
    update BI_TASK_RECORD
    <set>
      <if test="record.taskId != null">
        TASK_ID = #{record.taskId,jdbcType=VARCHAR},
      </if>
      <if test="record.recordDay != null">
        RECORD_DAY = #{record.recordDay,jdbcType=DATE},
      </if>
      <if test="record.welStation != null">
        WEL_STATION = #{record.welStation,jdbcType=VARCHAR},
      </if>
      <if test="record.welStationId != null">
        WEL_STATION_ID = #{record.welStationId,jdbcType=VARCHAR},
      </if>
      <if test="record.taskType != null">
        TASK_TYPE = #{record.taskType,jdbcType=VARCHAR},
      </if>
      <if test="record.stepCount != null">
        STEP_COUNT = #{record.stepCount,jdbcType=VARCHAR},
      </if>
      <if test="record.keyStep != null">
        KEY_STEP = #{record.keyStep,jdbcType=VARCHAR},
      </if>
      <if test="record.pictureCount != null">
        PICTURE_COUNT = #{record.pictureCount,jdbcType=VARCHAR},
      </if>
      <if test="record.dataCount != null">
        DATA_COUNT = #{record.dataCount,jdbcType=VARCHAR},
      </if>
      <if test="record.rfidCount != null">
        RFID_COUNT = #{record.rfidCount,jdbcType=VARCHAR},
      </if>
      <if test="record.descCount != null">
        DESC_COUNT = #{record.descCount,jdbcType=VARCHAR},
      </if>
      <if test="record.problemCount != null">
        PROBLEM_COUNT = #{record.problemCount,jdbcType=VARCHAR},
      </if>
      <if test="record.standbyOne != null">
        STANDBY_ONE = #{record.standbyOne,jdbcType=VARCHAR},
      </if>
      <if test="record.standbyTwo != null">
        STANDBY_TWO = #{record.standbyTwo,jdbcType=VARCHAR},
      </if>
      <if test="record.standbyThree != null">
        STANDBY_THREE = #{record.standbyThree,jdbcType=VARCHAR},
      </if>
    </set>
    <if test="_parameter != null">
      <include refid="Update_By_Example_Where_Clause" />
    </if>
  </update>
  <update id="updateByExample" parameterType="map">
    update BI_TASK_RECORD
    set TASK_ID = #{record.taskId,jdbcType=VARCHAR},
      RECORD_DAY = #{record.recordDay,jdbcType=DATE},
      WEL_STATION = #{record.welStation,jdbcType=VARCHAR},
      WEL_STATION_ID = #{record.welStationId,jdbcType=VARCHAR},
      TASK_TYPE = #{record.taskType,jdbcType=VARCHAR},
      STEP_COUNT = #{record.stepCount,jdbcType=VARCHAR},
      KEY_STEP = #{record.keyStep,jdbcType=VARCHAR},
      PICTURE_COUNT = #{record.pictureCount,jdbcType=VARCHAR},
      DATA_COUNT = #{record.dataCount,jdbcType=VARCHAR},
      RFID_COUNT = #{record.rfidCount,jdbcType=VARCHAR},
      DESC_COUNT = #{record.descCount,jdbcType=VARCHAR},
      PROBLEM_COUNT = #{record.problemCount,jdbcType=VARCHAR},
      STANDBY_ONE = #{record.standbyOne,jdbcType=VARCHAR},
      STANDBY_TWO = #{record.standbyTwo,jdbcType=VARCHAR},
      STANDBY_THREE = #{record.standbyThree,jdbcType=VARCHAR}
    <if test="_parameter != null">
      <include refid="Update_By_Example_Where_Clause" />
    </if>
  </update>
  <update id="updateByPrimaryKeySelective" parameterType="com.soa.bigdataAnalyze.entity.BiTaskRecord">
    update BI_TASK_RECORD
    <set>
      <if test="recordDay != null">
        RECORD_DAY = #{recordDay,jdbcType=DATE},
      </if>
      <if test="welStation != null">
        WEL_STATION = #{welStation,jdbcType=VARCHAR},
      </if>
      <if test="welStationId != null">
        WEL_STATION_ID = #{welStationId,jdbcType=VARCHAR},
      </if>
      <if test="taskType != null">
        TASK_TYPE = #{taskType,jdbcType=VARCHAR},
      </if>
      <if test="stepCount != null">
        STEP_COUNT = #{stepCount,jdbcType=VARCHAR},
      </if>
      <if test="keyStep != null">
        KEY_STEP = #{keyStep,jdbcType=VARCHAR},
      </if>
      <if test="pictureCount != null">
        PICTURE_COUNT = #{pictureCount,jdbcType=VARCHAR},
      </if>
      <if test="dataCount != null">
        DATA_COUNT = #{dataCount,jdbcType=VARCHAR},
      </if>
      <if test="rfidCount != null">
        RFID_COUNT = #{rfidCount,jdbcType=VARCHAR},
      </if>
      <if test="descCount != null">
        DESC_COUNT = #{descCount,jdbcType=VARCHAR},
      </if>
      <if test="problemCount != null">
        PROBLEM_COUNT = #{problemCount,jdbcType=VARCHAR},
      </if>
      <if test="standbyOne != null">
        STANDBY_ONE = #{standbyOne,jdbcType=VARCHAR},
      </if>
      <if test="standbyTwo != null">
        STANDBY_TWO = #{standbyTwo,jdbcType=VARCHAR},
      </if>
      <if test="standbyThree != null">
        STANDBY_THREE = #{standbyThree,jdbcType=VARCHAR},
      </if>
    </set>
    where TASK_ID = #{taskId,jdbcType=VARCHAR}
  </update>
  <update id="updateByPrimaryKey" parameterType="com.soa.bigdataAnalyze.entity.BiTaskRecord">
    update BI_TASK_RECORD
    set RECORD_DAY = #{recordDay,jdbcType=DATE},
      WEL_STATION = #{welStation,jdbcType=VARCHAR},
      WEL_STATION_ID = #{welStationId,jdbcType=VARCHAR},
      TASK_TYPE = #{taskType,jdbcType=VARCHAR},
      STEP_COUNT = #{stepCount,jdbcType=VARCHAR},
      KEY_STEP = #{keyStep,jdbcType=VARCHAR},
      PICTURE_COUNT = #{pictureCount,jdbcType=VARCHAR},
      DATA_COUNT = #{dataCount,jdbcType=VARCHAR},
      RFID_COUNT = #{rfidCount,jdbcType=VARCHAR},
      DESC_COUNT = #{descCount,jdbcType=VARCHAR},
      PROBLEM_COUNT = #{problemCount,jdbcType=VARCHAR},
      STANDBY_ONE = #{standbyOne,jdbcType=VARCHAR},
      STANDBY_TWO = #{standbyTwo,jdbcType=VARCHAR},
      STANDBY_THREE = #{standbyThree,jdbcType=VARCHAR}
    where TASK_ID = #{taskId,jdbcType=VARCHAR}
  </update>
  
  
  <select id="findTaskRecordByDateAndTypeAndWel" parameterType="com.soa.bigdataAnalyze.entity.QueryCondition"  resultMap="BaseResultMap">
  	select
  		* 
  	from 
  		BI_TASK_RECORD
  	where
  		TASK_TYPE = #{condition.taskType}
  	and 
  		WEL_STATION_ID = #{condition.welId}
  	and
  		to_char(RECORD_DAY,'yyyy-mm-dd') &gt;=  #{condition.beginDate}
  	and
  		to_char(RECORD_DAY,'yyyy-mm-dd') &lt;= #{condition.endDate}
  </select>
  
  <!-- 根据任务类型及时间查询任务记录 -->
  <select id="findTaskRecordByDateAndType" parameterType="com.soa.bigdataAnalyze.entity.QueryCondition"  resultMap="BaseResultMap">
  	select
  		* 
  	from 
  		BI_TASK_RECORD
  	where
  		TASK_TYPE = #{condition.taskType}
  	and
  		to_char(RECORD_DAY,'yyyy-mm-dd') &gt;=  #{condition.beginDate}
  	and
  		to_char(RECORD_DAY,'yyyy-mm-dd') &lt;= #{condition.endDate}
  </select>
  
  
</mapper>