<?xml version="1.0" encoding="UTF-8"?>
<!DOCTYPE mapper PUBLIC "-//mybatis.org//DTD Mapper 3.0//EN" "http://mybatis.org/dtd/mybatis-3-mapper.dtd">
<mapper namespace="com.soa.bigdataAnalyze.mapper.BiWellStationMapper">
  <resultMap id="BaseResultMap" type="com.soa.bigdataAnalyze.entity.BiWellStation">
    <id column="BWS_ID" jdbcType="VARCHAR" property="bwsId" />
    <result column="WELL_NUMBER" jdbcType="VARCHAR" property="wellNumber" />
    <result column="WELL_STATION_NAME" jdbcType="VARCHAR" property="wellStationName" />
    <result column="BGGS_ID" jdbcType="VARCHAR" property="bggsId" />
    <result column="GAS_GATHER_STATION_NAME" jdbcType="VARCHAR" property="gasGatherStationName" />
    <result column="STATION_TYPE" jdbcType="VARCHAR" property="stationType" />
    <result column="DESCRIPTION" jdbcType="VARCHAR" property="description" />
    <result column="CREATE_TIME" jdbcType="DATE" property="createTime" />
    <result column="REMARKONE" jdbcType="VARCHAR" property="remarkone" />
    <result column="REMARKTWO" jdbcType="VARCHAR" property="remarktwo" />
    <result column="REMARKTHREE" jdbcType="VARCHAR" property="remarkthree" />
  </resultMap>
  <sql id="Example_Where_Clause">
    <where>
      <foreach collection="oredCriteria" item="criteria" separator="or">
        <if test="criteria.valid">
          <trim prefix="(" prefixOverrides="and" suffix=")">
            <foreach collection="criteria.criteria" item="criterion">
              <choose>
                <when test="criterion.noValue">
                  and ${criterion.condition}
                </when>
                <when test="criterion.singleValue">
                  and ${criterion.condition} #{criterion.value}
                </when>
                <when test="criterion.betweenValue">
                  and ${criterion.condition} #{criterion.value} and #{criterion.secondValue}
                </when>
                <when test="criterion.listValue">
                  and ${criterion.condition}
                  <foreach close=")" collection="criterion.value" item="listItem" open="(" separator=",">
                    #{listItem}
                  </foreach>
                </when>
              </choose>
            </foreach>
          </trim>
        </if>
      </foreach>
    </where>
  </sql>
  <sql id="Update_By_Example_Where_Clause">
    <where>
      <foreach collection="example.oredCriteria" item="criteria" separator="or">
        <if test="criteria.valid">
          <trim prefix="(" prefixOverrides="and" suffix=")">
            <foreach collection="criteria.criteria" item="criterion">
              <choose>
                <when test="criterion.noValue">
                  and ${criterion.condition}
                </when>
                <when test="criterion.singleValue">
                  and ${criterion.condition} #{criterion.value}
                </when>
                <when test="criterion.betweenValue">
                  and ${criterion.condition} #{criterion.value} and #{criterion.secondValue}
                </when>
                <when test="criterion.listValue">
                  and ${criterion.condition}
                  <foreach close=")" collection="criterion.value" item="listItem" open="(" separator=",">
                    #{listItem}
                  </foreach>
                </when>
              </choose>
            </foreach>
          </trim>
        </if>
      </foreach>
    </where>
  </sql>
  <sql id="Base_Column_List">
    BWS_ID, WELL_NUMBER, WELL_STATION_NAME, BGGS_ID, GAS_GATHER_STATION_NAME, STATION_TYPE, 
    DESCRIPTION, CREATE_TIME, REMARKONE, REMARKTWO, REMARKTHREE
  </sql>
  <select id="selectByExample" parameterType="com.soa.bigdataAnalyze.entity.BiWellStationExample" resultMap="BaseResultMap">
    select
    <if test="distinct">
      distinct
    </if>
    <include refid="Base_Column_List" />
    from BI_WELL_STATION
    <if test="_parameter != null">
      <include refid="Example_Where_Clause" />
    </if>
    <if test="orderByClause != null">
      order by ${orderByClause}
    </if>
  </select>
  <select id="selectByPrimaryKey" parameterType="java.lang.String" resultMap="BaseResultMap">
    select 
    <include refid="Base_Column_List" />
    from BI_WELL_STATION
    where BWS_ID = #{bwsId,jdbcType=VARCHAR}
  </select>
  <delete id="deleteByPrimaryKey" parameterType="java.lang.String">
    delete from BI_WELL_STATION
    where BWS_ID = #{bwsId,jdbcType=VARCHAR}
  </delete>
  <delete id="deleteByExample" parameterType="com.soa.bigdataAnalyze.entity.BiWellStationExample">
    delete from BI_WELL_STATION
    <if test="_parameter != null">
      <include refid="Example_Where_Clause" />
    </if>
  </delete>
  <insert id="insert" parameterType="com.soa.bigdataAnalyze.entity.BiWellStation">
    insert into BI_WELL_STATION (BWS_ID, WELL_NUMBER, WELL_STATION_NAME, 
      BGGS_ID, GAS_GATHER_STATION_NAME, STATION_TYPE, 
      DESCRIPTION, CREATE_TIME, REMARKONE, 
      REMARKTWO, REMARKTHREE)
    values (#{bwsId,jdbcType=VARCHAR}, #{wellNumber,jdbcType=VARCHAR}, #{wellStationName,jdbcType=VARCHAR}, 
      #{bggsId,jdbcType=VARCHAR}, #{gasGatherStationName,jdbcType=VARCHAR}, #{stationType,jdbcType=VARCHAR}, 
      #{description,jdbcType=VARCHAR}, #{createTime,jdbcType=DATE}, #{remarkone,jdbcType=VARCHAR}, 
      #{remarktwo,jdbcType=VARCHAR}, #{remarkthree,jdbcType=VARCHAR})
  </insert>
  <insert id="insertSelective" parameterType="com.soa.bigdataAnalyze.entity.BiWellStation">
    insert into BI_WELL_STATION
    <trim prefix="(" suffix=")" suffixOverrides=",">
      <if test="bwsId != null">
        BWS_ID,
      </if>
      <if test="wellNumber != null">
        WELL_NUMBER,
      </if>
      <if test="wellStationName != null">
        WELL_STATION_NAME,
      </if>
      <if test="bggsId != null">
        BGGS_ID,
      </if>
      <if test="gasGatherStationName != null">
        GAS_GATHER_STATION_NAME,
      </if>
      <if test="stationType != null">
        STATION_TYPE,
      </if>
      <if test="description != null">
        DESCRIPTION,
      </if>
      <if test="createTime != null">
        CREATE_TIME,
      </if>
      <if test="remarkone != null">
        REMARKONE,
      </if>
      <if test="remarktwo != null">
        REMARKTWO,
      </if>
      <if test="remarkthree != null">
        REMARKTHREE,
      </if>
    </trim>
    <trim prefix="values (" suffix=")" suffixOverrides=",">
      <if test="bwsId != null">
        #{bwsId,jdbcType=VARCHAR},
      </if>
      <if test="wellNumber != null">
        #{wellNumber,jdbcType=VARCHAR},
      </if>
      <if test="wellStationName != null">
        #{wellStationName,jdbcType=VARCHAR},
      </if>
      <if test="bggsId != null">
        #{bggsId,jdbcType=VARCHAR},
      </if>
      <if test="gasGatherStationName != null">
        #{gasGatherStationName,jdbcType=VARCHAR},
      </if>
      <if test="stationType != null">
        #{stationType,jdbcType=VARCHAR},
      </if>
      <if test="description != null">
        #{description,jdbcType=VARCHAR},
      </if>
      <if test="createTime != null">
        #{createTime,jdbcType=DATE},
      </if>
      <if test="remarkone != null">
        #{remarkone,jdbcType=VARCHAR},
      </if>
      <if test="remarktwo != null">
        #{remarktwo,jdbcType=VARCHAR},
      </if>
      <if test="remarkthree != null">
        #{remarkthree,jdbcType=VARCHAR},
      </if>
    </trim>
  </insert>
  <select id="countByExample" parameterType="com.soa.bigdataAnalyze.entity.BiWellStationExample" resultType="java.lang.Long">
    select count(*) from BI_WELL_STATION
    <if test="_parameter != null">
      <include refid="Example_Where_Clause" />
    </if>
  </select>
  <update id="updateByExampleSelective" parameterType="map">
    update BI_WELL_STATION
    <set>
      <if test="record.bwsId != null">
        BWS_ID = #{record.bwsId,jdbcType=VARCHAR},
      </if>
      <if test="record.wellNumber != null">
        WELL_NUMBER = #{record.wellNumber,jdbcType=VARCHAR},
      </if>
      <if test="record.wellStationName != null">
        WELL_STATION_NAME = #{record.wellStationName,jdbcType=VARCHAR},
      </if>
      <if test="record.bggsId != null">
        BGGS_ID = #{record.bggsId,jdbcType=VARCHAR},
      </if>
      <if test="record.gasGatherStationName != null">
        GAS_GATHER_STATION_NAME = #{record.gasGatherStationName,jdbcType=VARCHAR},
      </if>
      <if test="record.stationType != null">
        STATION_TYPE = #{record.stationType,jdbcType=VARCHAR},
      </if>
      <if test="record.description != null">
        DESCRIPTION = #{record.description,jdbcType=VARCHAR},
      </if>
      <if test="record.createTime != null">
        CREATE_TIME = #{record.createTime,jdbcType=DATE},
      </if>
      <if test="record.remarkone != null">
        REMARKONE = #{record.remarkone,jdbcType=VARCHAR},
      </if>
      <if test="record.remarktwo != null">
        REMARKTWO = #{record.remarktwo,jdbcType=VARCHAR},
      </if>
      <if test="record.remarkthree != null">
        REMARKTHREE = #{record.remarkthree,jdbcType=VARCHAR},
      </if>
    </set>
    <if test="_parameter != null">
      <include refid="Update_By_Example_Where_Clause" />
    </if>
  </update>
  <update id="updateByExample" parameterType="map">
    update BI_WELL_STATION
    set BWS_ID = #{record.bwsId,jdbcType=VARCHAR},
      WELL_NUMBER = #{record.wellNumber,jdbcType=VARCHAR},
      WELL_STATION_NAME = #{record.wellStationName,jdbcType=VARCHAR},
      BGGS_ID = #{record.bggsId,jdbcType=VARCHAR},
      GAS_GATHER_STATION_NAME = #{record.gasGatherStationName,jdbcType=VARCHAR},
      STATION_TYPE = #{record.stationType,jdbcType=VARCHAR},
      DESCRIPTION = #{record.description,jdbcType=VARCHAR},
      CREATE_TIME = #{record.createTime,jdbcType=DATE},
      REMARKONE = #{record.remarkone,jdbcType=VARCHAR},
      REMARKTWO = #{record.remarktwo,jdbcType=VARCHAR},
      REMARKTHREE = #{record.remarkthree,jdbcType=VARCHAR}
    <if test="_parameter != null">
      <include refid="Update_By_Example_Where_Clause" />
    </if>
  </update>
  <update id="updateByPrimaryKeySelective" parameterType="com.soa.bigdataAnalyze.entity.BiWellStation">
    update BI_WELL_STATION
    <set>
      <if test="wellNumber != null">
        WELL_NUMBER = #{wellNumber,jdbcType=VARCHAR},
      </if>
      <if test="wellStationName != null">
        WELL_STATION_NAME = #{wellStationName,jdbcType=VARCHAR},
      </if>
      <if test="bggsId != null">
        BGGS_ID = #{bggsId,jdbcType=VARCHAR},
      </if>
      <if test="gasGatherStationName != null">
        GAS_GATHER_STATION_NAME = #{gasGatherStationName,jdbcType=VARCHAR},
      </if>
      <if test="stationType != null">
        STATION_TYPE = #{stationType,jdbcType=VARCHAR},
      </if>
      <if test="description != null">
        DESCRIPTION = #{description,jdbcType=VARCHAR},
      </if>
      <if test="createTime != null">
        CREATE_TIME = #{createTime,jdbcType=DATE},
      </if>
      <if test="remarkone != null">
        REMARKONE = #{remarkone,jdbcType=VARCHAR},
      </if>
      <if test="remarktwo != null">
        REMARKTWO = #{remarktwo,jdbcType=VARCHAR},
      </if>
      <if test="remarkthree != null">
        REMARKTHREE = #{remarkthree,jdbcType=VARCHAR},
      </if>
    </set>
    where BWS_ID = #{bwsId,jdbcType=VARCHAR}
  </update>
  <update id="updateByPrimaryKey" parameterType="com.soa.bigdataAnalyze.entity.BiWellStation">
    update BI_WELL_STATION
    set WELL_NUMBER = #{wellNumber,jdbcType=VARCHAR},
      WELL_STATION_NAME = #{wellStationName,jdbcType=VARCHAR},
      BGGS_ID = #{bggsId,jdbcType=VARCHAR},
      GAS_GATHER_STATION_NAME = #{gasGatherStationName,jdbcType=VARCHAR},
      STATION_TYPE = #{stationType,jdbcType=VARCHAR},
      DESCRIPTION = #{description,jdbcType=VARCHAR},
      CREATE_TIME = #{createTime,jdbcType=DATE},
      REMARKONE = #{remarkone,jdbcType=VARCHAR},
      REMARKTWO = #{remarktwo,jdbcType=VARCHAR},
      REMARKTHREE = #{remarkthree,jdbcType=VARCHAR}
    where BWS_ID = #{bwsId,jdbcType=VARCHAR}
  </update>
  <!-- 查询所有井站 -->
  <select id="findAll" resultMap="BaseResultMap">
  	select
  	 	* 
  	from 
  	 	BI_WELL_STATION
  </select>
  
  <!-- 查询所有普通井站 -->
  <select id="findCommonWel" resultMap="BaseResultMap">
  	select
  	 	* 
  	from 
  	 	BI_WELL_STATION
  	 where
  	 	STATION_TYPE in ('1','2')
  </select>
  
  <!-- 查询所有中心井站 -->
  <select id="findCenterWel" resultMap="BaseResultMap">
  	select
  	 	* 
  	from 
  	 	BI_WELL_STATION
  	 where
  	 	STATION_TYPE = '3'
  </select>
  
  
</mapper>