<?xml version="1.0" encoding="UTF-8"?>
<!DOCTYPE generatorConfiguration
  PUBLIC "-//mybatis.org//DTD MyBatis Generator Configuration 1.0//EN"
  "http://mybatis.org/dtd/mybatis-generator-config_1_0.dtd">

<generatorConfiguration>
    <context id="testTables" targetRuntime="MyBatis3">
        <commentGenerator>
            <!-- 是否去除自动生成的注释 true：是 ： false:否 -->
            <property name="suppressAllComments" value="true" />
        </commentGenerator>
        <!--数据库连接的信息：驱动类、连接地址、用户名、密码   mysql数据库连接-->
        <jdbcConnection driverClass="oracle.jdbc.driver.OracleDriver"
            connectionURL="jdbc:oracle:thin:@192.168.1.18:1521:jhc" userId="sts"
            password="sts123">
        </jdbcConnection>
        <!--oracle数据库连接-->
        <!-- <jdbcConnection driverClass="oracle.jdbc.OracleDriver"     connectionURL="jdbc:oracle:thin:@127.0.0.1:1521:yycg" 
            userId="yycg"
            password="yycg">
        </jdbcConnection> -->

        <!-- 默认false，把JDBC DECIMAL 和 NUMERIC 类型解析为 Integer，为 true时把JDBC DECIMAL 和 
            NUMERIC 类型解析为java.math.BigDecimal -->
        <javaTypeResolver>
            <property name="forceBigDecimals" value="false" />
        </javaTypeResolver>

        <!-- targetProject:生成PO类的位置 -->
        <javaModelGenerator targetPackage="com.soa.bigdataAnalyze.entity"
            targetProject="bigdataAnalyze">
            <!-- enableSubPackages:是否让schema作为包的后缀 -->
            <property name="enableSubPackages" value="false" />
            <!-- 从数据库返回的值被清理前后的空格 -->
            <property name="trimStrings" value="true" />
        </javaModelGenerator>
        <!-- targetProject:mapper映射文件生成的位置 -->
        <sqlMapGenerator targetPackage="com.soa.bigdataAnalyze.mapper" 
            targetProject="bigdataAnalyze">
            <!-- enableSubPackages:是否让schema作为包的后缀 -->
            <property name="enableSubPackages" value="false" />
        </sqlMapGenerator>
        <!-- targetPackage：mapper接口生成的位置 -->
        <javaClientGenerator type="XMLMAPPER"
            targetPackage="com.soa.bigdataAnalyze.mapper" 
            targetProject="bigdataAnalyze">
            <!-- enableSubPackages:是否让schema作为包的后缀 -->
            <property name="enableSubPackages" value="false" />
        </javaClientGenerator>
        <!-- 指定数据库表 -->
		<table tableName="BI_EQUIPMENT_RECORD"></table>
        <!-- 有些表的字段需要指定java类型
         <table schema="" tableName="">
            <columnOverride column="" javaType="" />
        </table> -->
    </context>
</generatorConfiguration>