<beans xmlns="http://www.springframework.org/schema/beans"
	xmlns:xsi="http://www.w3.org/2001/XMLSchema-instance"
	xmlns:context="http://www.springframework.org/schema/context"
	xmlns:mvc="http://www.springframework.org/schema/mvc"
	xmlns:jdbc="http://www.springframework.org/schema/jdbc"
	xmlns:jee="http://www.springframework.org/schema/jee"
	xmlns:aop="http://www.springframework.org/schema/aop"
	xmlns:tx="http://www.springframework.org/schema/tx"
	xsi:schemaLocation="http://www.springframework.org/schema/beans
http://www.springframework.org/schema/beans/spring-beans.xsd
http://www.springframework.org/schema/context
http://www.springframework.org/schema/context/spring-context.xsd
http://www.springframework.org/schema/mvc
http://www.springframework.org/schema/mvc/spring-mvc.xsd
http://www.springframework.org/schema/tx
http://www.springframework.org/schema/tx/spring-tx.xsd
http://www.springframework.org/schema/aop
http://www.springframework.org/schema/aop/spring-aop.xsd">
	
	
	<context:component-scan base-package="com.soa.bigdataAnalyze"></context:component-scan>
	<context:component-scan base-package="com.soa.bigdataAnalyze.util"></context:component-scan>
	<mvc:annotation-driven></mvc:annotation-driven>

	<!-- 第一步：配置数据库连接池 -->
	<!-- 配置数据库连接池 -->
	<bean id="dataSource"
		class="com.mchange.v2.c3p0.ComboPooledDataSource">
		<property name="user" value="sts"></property>
		<property name="password" value="sts123"></property>
		<property name="driverClass"
			value="oracle.jdbc.driver.OracleDriver"></property>
		<property name="jdbcUrl"
			value="jdbc:oracle:thin:@192.168.140.138:1521:jhc"></property>
		<!--连接池中保留的最小连接数。-->
        <property name="minPoolSize"><value>5</value></property>
        <!--连接池中保留的最大连接数。Default: 15 -->
        <property name="maxPoolSize"><value>30</value></property>
        <!--初始化时获取的连接数，取值应在minPoolSize与maxPoolSize之间。Default: 3 -->
        <property name="initialPoolSize"><value>10</value></property>
        <!--最大空闲时间,30秒内未使用则连接被丢弃。若为0则永不丢弃。Default: 0 -->
        <property name="maxIdleTime"><value>20</value></property>
        <!--当连接池中的连接耗尽的时候c3p0一次同时获取的连接数。Default: 3 -->
        <property name="acquireIncrement"><value>5</value></property>
        <!--每60秒检查所有连接池中的空闲连接。Default: 0 -->
        <property name="idleConnectionTestPeriod"><value>3600</value></property>
        <!--定义在从数据库获取新连接失败后重复尝试的次数。Default: 30 -->
        <property name="acquireRetryAttempts"><value>3</value></property>
	</bean>
	<!-- 第二步：创建SqlSessionFactory,生产sqlSession -->
	<bean id="SqlSessionFactory"
		class="org.mybatis.spring.SqlSessionFactoryBean">
		<property name="dataSource" ref="dataSource"></property>
		<property name="configLocation" value="classpath:mybatis.xml"></property>
		<property name="mapperLocations"
			value="classpath:mapper/*.xml"></property>
	</bean>

	<!-- 配置mapper扫描器、映射文件，由于映射文件mybatis.xml可以为空，此处需要配置dao接口的具体映射文件路径 -->
	<bean class="org.mybatis.spring.mapper.MapperScannerConfigurer">
		<property name="basePackage"
			value="com.soa.bigdataAnalyze.mapper"></property>
		<property name="sqlSessionFactoryBeanName"
			value="SqlSessionFactory"></property>
	</bean>


	
</beans>